"//1.사업메타","","","","","","","","","","","","","","","","","","","","","","","","","","",""
"//사업명_정선해양관측","","","","","","","","","","","","","","","","","","","","","","","","","","",""
"//사업요약_관할해역의 미리 정해진 정점과 관측선을 따라 정기적으로 수온, 염분, 용존산소, 영양염 및 해양기상자료 등의 관측수행 및 자료제공","","","","","","","","","","","","","","","","","","","","","","","","","","",""
"//수행기관명_국립수산과학원","","","","","","","","","","","","","","","","","","","","","","","","","","",""
"//사업책임자명_null","","","","","","","","","","","","","","","","","","","","","","","","","","",""
"//표준시_KST","","","","","","","","","","","","","","","","","","","","","","","","","","",""
"//사업시작일_1961-01-29","","","","","","","","","","","","","","","","","","","","","","","","","","",""
"//사업종료일_2017-12-28","","","","","","","","","","","","","","","","","","","","","","","","","","",""
"//공간적범위_[(39.7383 122.2167, 31.5 135.0917)]","","","","","","","","","","","","","","","","","","","","","","","","","","",""
"//키워드_기압, 건구기온, 날씨_code, 너울등급_code, 수색_code, 운량_code, 운형_code, 파도등급_code, 풍력등급_code, 풍향_code, ","","","","","","","","","","","","","","","","","","","","","","","","","","",""
"//플랫폼_","","","","","","","","","","","","","","","","","","","","","","","","","","",""
"//관측장비_unknown","","","","","","","","","","","","","","","","","","","","","","","","","","",""
"////","","","","","","","","","","","","","","","","","","","","","","","","","","",""
"//2. 인용문구","","","","","","","","","","","","","","","","","","","","","","","","","","",""
"//관할해역 해양정보 공동활용시스템(JOISS)은 자료의 검색/분석 및 다운로드 서비스를 제공하고 있습니다.","","","","","","","","","","","","","","","","","","","","","","","","","","",""
"//본 포털은 해양수산부의 “해양과학조사 및 예보기술개발” 프로그램의 “관할해역 해양정보 공동활용체계 구축” 연구과제를 통해 구축 및 관리되고 있습니다.","","","","","","","","","","","","","","","","","","","","","","","","","","",""
"//JOISS에서 제공되고 있는 자료 및 서비스는 자유로운 사용 및 재배포가 가능합니다(자료가 부적절히 사용된 경우 서비스가 제한될 수 있음).","","","","","","","","","","","","","","","","","","","","","","","","","","",""
"//JOISS에서 제공된 자료 및 서비스(분석 및 그래프)를 사용한 경우 자료의 출처를 반드시 명시해야합니다.","","","","","","","","","","","","","","","","","","","","","","","","","","",""
"//가능하다면 인용된 문서 정보를 이메일(jiyoon4550@kesti.co.kr)로 보내주시길 바라며 이러한 협조는 JOISS 관리 및 발전에 큰 도움이 됩니다.","","","","","","","","","","","","","","","","","","","","","","","","","","",""
"////","","","","","","","","","","","","","","","","","","","","","","","","","","",""
"//● References","","","","","","","","","","","","","","","","","","","","","","","","","","",""
"//[연구사업 수행기관명], [책임자명], [최근자료수집일자], [자료명칭(연구사업명, 과제번호)]","","","","","","","","","","","","","","","","","","","","","","","","","","",""
"//국립수산과학원, null, 2017-12-28, 정선해양관측","","","","","","","","","","","","","","","","","","","","","","","","","","",""
"////","","","","","","","","","","","","","","","","","","","","","","","","","","",""
"//3. 데이터","","","","","","","","","","","","","","","","","","","","","","","","","","",""
" //플래그정보 : 0:미수행(no quality control), 1:양호(good value), 2:양호예상(probably good value), 3:의심(probably bad value), 4:불량(bad value), 9:결측(missing value)","","","","","","","","","","","","","","","","","","","","","","","","","","",""
"project_name","station","yyyy-mm-dd hh:mm:ss","Longitude [degrees_east]","Latitude [degrees_north]","bot.depth[m]","수심(m)","수심(text)","기압","airpre_qc","건구기온","drybultmp_qc","날씨_code","wtrc_qc","너울등급_code","swslec_qc","수색_code","wtrcolc_qc","운량_code","cudamoc_qc","운형_code","cudfmc_qc","파도등급_code","wavslec_qc","풍력등급_code","wndfcec_qc","풍향_code","wnddirc_qc"
"정선해양관측","102-05","1961-06-19 11:15:00","129.6883","36.0767","0","0","","1018.7","2","24.5","2","흐림(운량:8-10)","2","Very Low","2","FOREL-ULE SCALE IV","2","71%-80%","2","Cirrocumulus","2","Calm-ripples ","2","1.6- 3.3 ","2","SW ","2"
"정선해양관측","102-05","1961-07-28 08:18:00","129.6883","36.0767","0","0","","1005.3","2","29","2","안개(Fog)","2","Low","2","FOREL-ULE SCALE VI","2","91%-100%","2","","","Smooth-wavelets ","2","3.4- 5.4 ","2","S  ","2"
"정선해양관측","102-05","1961-08-22 12:13:00","129.6883","36.0767","0","0","","1009.3","2","26","2","개임(운량:3-7)","2","Low","2","FOREL-ULE SCALE IV","2","51%-60%","2","Cirrus","2","Smooth-wavelets ","2","0.3- 1.5 ","2","E  ","2"
"정선해양관측","102-05","1961-10-05 09:20:00","129.6883","36.0767","0","0","","1018","2","23.2","2","흐림(운량:8-10)","2","Very Low","2","FOREL-ULE SCALE IV","2","91%-100%","2","Stratocumulus","2","Smooth-wavelets ","2","1.6- 3.3 ","2","N  ","2"
"정선해양관측","102-05","1961-10-21 12:00:00","129.6883","36.0767","0","0","","","","22.5","2","개임(운량:3-7)","2","Low","2","FOREL-ULE SCALE IV","2","31%-40%","2","Cirrostratus","2","Rough ","2","1.6- 3.3 ","2","E  ","2"
"정선해양관측","102-05","1961-12-17 07:37:00","129.6883","36.0767","0","0","","1014","2","11","2","비","2","Low","2","FOREL-ULE SCALE III","2","91%-100%","2","Stratocumulus","2","Moderate ","2","1.6- 3.3 ","2","N  ","2"
"정선해양관측","102-06","1961-06-19 12:45:00","129.7967","36.0767","0","0","","1020","2","22.5","2","흐림(운량:8-10)","2","Very Low","2","FOREL-ULE SCALE IV","2","81%-90%","2","Cirrocumulus","2","Smooth-wavelets ","2","1.6- 3.3 ","2","S  ","2"
"정선해양관측","102-06","1961-07-28 09:32:00","129.7967","36.0767","0","0","","1005.3","2","29","2","안개(Fog)","2","Low","2","FOREL-ULE SCALE VI","2","91%-100%","2","","","Moderate ","2","1.6- 3.3 ","2","S  ","2"
"정선해양관측","102-06","1961-08-22 13:36:00","129.7967","36.0767","0","0","","1008.7","2","27","2","개임(운량:3-7)","2","Low","2","FOREL-ULE SCALE IV","2","41%-50%","2","Cirrocumulus","2","Smooth-wavelets ","2","0 - 0.2 ","2","SE ","2"
"정선해양관측","102-06","1961-10-07 09:00:00","129.7967","36.0767","0","0","","1016","2","19","2","쾌청(운량:0-2)","2","Low","2","FOREL-ULE SCALE IV","2","11%-20%","2","Cirrus","2","Moderate ","2","3.4- 5.4 ","2","N  ","2"
"정선해양관측","102-06","1961-10-21 13:10:00","129.7967","36.0767","0","0","","","","22.8","2","개임(운량:3-7)","2","Low","2","FOREL-ULE SCALE IV","2","31%-40%","2","Stratus","2","Moderate ","2","1.6- 3.3 ","2","E  ","2"
"정선해양관측","102-06","1961-12-17 08:29:00","129.7967","36.0767","0","0","","1013.3","2","13","2","비","2","Low","2","FOREL-ULE SCALE III","2","91%-100%","2","Stratocumulus","2","Slight ","2","1.6- 3.3 ","2","SSE","2"
"정선해양관측","102-07","1961-06-19 15:37:00","130","36.0767","0","0","","1020","2","21.2","2","흐림(운량:8-10)","2","Very Low","2","","","91%-100%","2","Cumulus","2","Smooth-wavelets ","2","3.4- 5.4 ","2","S  ","2"
"정선해양관측","102-07","1961-07-28 11:29:00","130","36.0767","0","0","","1009.3","2","25.5","2","개임(운량:3-7)","2","Very Low","2","FOREL-ULE SCALE V","2","61%-70%","2","Cirrus","2","Slight ","2","1.6- 3.3 ","2","S  ","2"
"정선해양관측","102-07","1961-08-22 15:32:00","130","36.0767","0","0","","1008.7","2","28","2","개임(운량:3-7)","2","Low","2","FOREL-ULE SCALE V","2","51%-60%","2","Cirrostratus","2","Smooth-wavelets ","2","0 - 0.2 ","2","S  ","2"
"정선해양관측","102-07","1961-10-07 11:00:00","130","36.0767","0","0","","1016","2","20.5","2","개임(운량:3-7)","2","Low","2","FOREL-ULE SCALE IV","2","51%-60%","2","Stratocumulus","2","Rough ","2","5.5- 7.9 ","2","NE ","2"
"정선해양관측","102-07","1961-10-21 14:43:00","130","36.0767","0","0","","","","20.8","2","개임(운량:3-7)","2","Low","2","FOREL-ULE SCALE IV","2","21%-30%","2","Cirrus","2","Moderate ","2","1.6- 3.3 ","2","E  ","2"
"정선해양관측","102-07","1961-12-19 06:03:00","130","36.0767","0","0","","1016","2","9","2","개임(운량:3-7)","2","Low","2","","","","","","","Rough ","2","8.0-10.7 ","2","WNW","2"
"정선해양관측","102-08","1961-06-19 18:30:00","130.3067","36.0767","0","0","","1020","2","20.5","2","비","2","Very Low","2","","","91%-100%","2","Cumulus","2","Calm-ripples ","2","1.6- 3.3 ","2","S  ","2"
"정선해양관측","102-08","1961-07-28 14:40:00","130.3067","36.0767","0","0","","1008","2","25","2","개임(운량:3-7)","2","Very Low","2","FOREL-ULE SCALE IV","2","41%-50%","2","Cirrus","2","Slight ","2","0.3- 1.5 ","2","S  ","2"
"정선해양관측","102-08","1961-08-22 18:03:00","130.3067","36.0767","0","0","","1008.7","2","29","2","개임(운량:3-7)","2","Low","2","FOREL-ULE SCALE IV","2","51%-60%","2","Cirrus","2","Slight ","2","0.3- 1.5 ","2","E  ","2"
"정선해양관측","102-08","1961-10-21 17:05:00","130.3067","36.0767","0","0","","","","20.1","2","개임(운량:3-7)","2","Low","2","FOREL-ULE SCALE IV","2","21%-30%","2","Stratus","2","Moderate ","2","1.6- 3.3 ","2","E  ","2"
"정선해양관측","102-08","1961-12-19 04:00:00","130.3067","36.0767","0","0","","1014.7","2","11","2","개임(운량:3-7)","2","Low","2","","","","","","","Rough ","2","3.4- 5.4 ","2","WNW","2"
"정선해양관측","102-09","1961-06-19 20:45:00","130.615","36.0767","0","0","","1020","2","19.5","2","비","2","","","","","","","","","","","","","",""
"정선해양관측","102-09","1961-07-28 17:34:00","130.615","36.0767","0","0","","1006.7","2","25","2","개임(운량:3-7)","2","Low","2","FOREL-ULE SCALE III","2","21%-30%","2","Cirrus","2","Slight ","2","0.3- 1.5 ","2","S  ","2"
"정선해양관측","102-09","1961-08-22 20:55:00","130.615","36.0767","0","0","","1010","2","28.5","2","흐림(운량:8-10)","2","Low","2","","","71%-80%","2","Cirrus","2","Smooth-wavelets ","2","0.3- 1.5 ","2","E  ","2"
"정선해양관측","102-09","1961-10-21 19:25:00","130.615","36.0767","0","0","","","","18.8","2","쾌청(운량:0-2)","2","Low","2","","","1%-10%","2","Stratus","2","Rough ","2","1.6- 3.3 ","2","E  ","2"
"정선해양관측","102-09","1961-12-19 01:50:00","130.615","36.0767","0","0","","1017.3","2","12","2","개임(운량:3-7)","2","Low","2","","","","","","","Slight ","2","3.4- 5.4 ","2","W  ","2"
"정선해양관측","102-10","1961-07-28 19:57:00","130.9183","36.0767","0","0","","1009.3","2","26","2","쾌청(운량:0-2)","2","Low","2","","","11%-20%","2","Cirrus","2","Slight ","2","3.4- 5.4 ","2","SE ","2"
"정선해양관측","102-10","1961-08-22 22:55:00","130.9183","36.0767","0","0","","1009.9","2","28.6","2","개임(운량:3-7)","2","Low","2","","","31%-40%","2","Cirrus","2","Smooth-wavelets ","2","0.3- 1.5 ","2","E  ","2"
"정선해양관측","102-10","1961-10-21 21:45:00","130.9183","36.0767","0","0","","","","20.2","2","쾌청(운량:0-2)","2","Low","2","","","1%-10%","2","Stratus","2","Rough ","2","3.4- 5.4 ","2","E  ","2"
"정선해양관측","102-10","1961-12-18 23:48:00","130.9183","36.0767","0","0","","1016","2","14.1","2","쾌청(운량:0-2)","2","Low","2","","","","","","","Slight ","2","1.6- 3.3 ","2","W  ","2"
"정선해양관측","103-04","1961-06-20 10:00:00","129.5017","36.505","0","0","","1018.7","2","18.7","2","비","2","Very Low","2","FOREL-ULE SCALE IV","2","91%-100%","2","Stratocumulus","2","Smooth-wavelets ","2","1.6- 3.3 ","2","SW ","2"
"정선해양관측","103-04","1961-07-30 07:45:00","129.5017","36.505","0","0","","1012","2","21","2","흐림(운량:8-10)","2","Very Low","2","FOREL-ULE SCALE IV","2","81%-90%","2","Cirrocumulus","2","Smooth-wavelets ","2","0.3- 1.5 ","2","NNE","2"
"정선해양관측","103-04","1961-08-21 17:52:00","129.5017","36.505","0","0","","1008","2","28","2","개임(운량:3-7)","2","Low","2","FOREL-ULE SCALE IV","2","41%-50%","2","Cirrus","2","Moderate ","2","5.5- 7.9 ","2","NNE","2"
"정선해양관측","103-04","1961-09-29 23:30:00","129.5017","36.505","0","0","","1016","2","22.5","2","쾌청(운량:0-2)","2","Very Low","2","","","","","","","","","0.3- 1.5 ","2","S  ","2"
"정선해양관측","103-04","1961-10-31 11:10:00","129.5017","36.505","0","0","","1030","2","17.5","2","개임(운량:3-7)","2","Very Low","2","FOREL-ULE SCALE IV","2","21%-30%","2","Cirrocumulus","2","Slight ","2","1.6- 3.3 ","2","NE ","2"
"정선해양관측","103-04","1961-12-18 08:27:00","129.5017","36.505","0","0","","1020","2","10","2","쾌청(운량:0-2)","2","Low","2","FOREL-ULE SCALE III","2","11%-20%","2","Cumulus","2","Moderate ","2","1.6- 3.3 ","2","W  ","2"
"정선해양관측","103-05","1961-06-20 09:10:00","129.59","36.505","0","0","","1018.7","2","18.5","2","비","2","Very Low","2","FOREL-ULE SCALE IV","2","91%-100%","2","Stratocumulus","2","Smooth-wavelets ","2","1.6- 3.3 ","2","SW ","2"
"정선해양관측","103-05","1961-07-30 08:43:00","129.59","36.505","0","0","","1012","2","23","2","흐림(운량:8-10)","2","Very Low","2","FOREL-ULE SCALE IV","2","81%-90%","2","Cirrostratus","2","Slight ","2","0.3- 1.5 ","2","NNE","2"
"정선해양관측","103-05","1961-08-21 16:15:00","129.59","36.505","0","0","","1008","2","28.5","2","개임(운량:3-7)","2","Low","2","FOREL-ULE SCALE IV","2","31%-40%","2","Cirrus","2","Moderate ","2","3.4- 5.4 ","2","NNE","2"
"정선해양관측","103-05","1961-09-29 21:15:00","129.59","36.505","0","0","","1017.3","2","23.6","2","쾌청(운량:0-2)","2","Very Low","2","","","","","","","","","1.6- 3.3 ","2","SW ","2"
"정선해양관측","103-05","1961-10-31 12:00:00","129.59","36.505","0","0","","1030","2","17.8","2","흐림(운량:8-10)","2","Low","2","FOREL-ULE SCALE IV","2","71%-80%","2","Cirrostratus","2","Moderate ","2","3.4- 5.4 ","2","NE ","2"
"정선해양관측","103-05","1961-12-18 09:43:00","129.59","36.505","0","0","","1020","2","11","2","쾌청(운량:0-2)","2","Low","2","FOREL-ULE SCALE III","2","11%-20%","2","Cumulus","2","Moderate ","2","3.4- 5.4 ","2","W  ","2"
"정선해양관측","103-06","1961-06-20 07:40:00","129.7883","36.505","0","0","","1020","2","18.7","2","흐림(운량:8-10)","2","Very Low","2","FOREL-ULE SCALE IV","2","91%-100%","2","Stratocumulus","2","Smooth-wavelets ","2","1.6- 3.3 ","2","S  ","2"
"정선해양관측","103-06","1961-07-30 11:15:00","129.7883","36.505","0","0","","1013.3","2","24","2","안개(Fog)","2","Very Low","2","FOREL-ULE SCALE IV","2","91%-100%","2","","","Smooth-wavelets ","2","0.3- 1.5 ","2","NNE","2"
"정선해양관측","103-06","1961-08-21 15:12:00","129.7883","36.505","0","0","","1009.1","2","27.5","2","개임(운량:3-7)","2","Low","2","FOREL-ULE SCALE IV","2","51%-60%","2","Cirrocumulus","2","Moderate ","2","3.4- 5.4 ","2","NNW","2"
"정선해양관측","103-06","1961-09-29 19:00:00","129.7883","36.505","0","0","","1017.3","2","23.8","2","쾌청(운량:0-2)","2","Very Low","2","","","","","","","","","1.6- 3.3 ","2","SW ","2"
"정선해양관측","103-06","1961-10-31 13:45:00","129.7883","36.505","0","0","","1028.7","2","17.5","2","개임(운량:3-7)","2","Low","2","FOREL-ULE SCALE IV","2","61%-70%","2","Cirrocumulus","2","Rough ","2","5.5- 7.9 ","2","NE ","2"
"정선해양관측","103-06","1961-12-18 12:34:00","129.7883","36.505","0","0","","1020.1","2","7","2","쾌청(운량:0-2)","2","Low","2","FOREL-ULE SCALE III","2","11%-20%","2","Cumulus","2","Slight ","2","0.3- 1.5 ","2","W  ","2"
"정선해양관측","103-07","1961-06-20 05:40:00","130","36.505","0","0","","1020","2","18.5","2","비","2","Very Low","2","","","91%-100%","2","Stratocumulus","2","Slight ","2","3.4- 5.4 ","2","SW ","2"
"정선해양관측","103-07","1961-07-30 13:20:00","130","36.505","0","0","","1012.7","2","25","2","안개(Fog)","2","Very Low","2","FOREL-ULE SCALE III","2","91%-100%","2","","","Smooth-wavelets ","2","0.3- 1.5 ","2","N  ","2"
"정선해양관측","103-07","1961-08-21 13:23:00","130","36.505","0","0","","1007.7","2","27.2","2","개임(운량:3-7)","2","Very Low","2","FOREL-ULE SCALE IV","2","41%-50%","2","Stratus","2","Slight ","2","0.3- 1.5 ","2","S  ","2"
"정선해양관측","103-07","1961-09-29 17:00:00","130","36.505","0","0","","1018.7","2","24.5","2","쾌청(운량:0-2)","2","Very Low","2","FOREL-ULE SCALE III","2","1%-10%","2","Stratus","2","Slight ","2","1.6- 3.3 ","2","S  ","2"
"정선해양관측","103-07","1961-12-18 14:49:00","130","36.505","0","0","","1018.7","2","13.2","2","쾌청(운량:0-2)","2","Low","2","FOREL-ULE SCALE III","2","11%-20%","2","Cumulus","2","Slight ","2","0.3- 1.5 ","2","SW ","2"
"정선해양관측","103-08","1961-06-20 03:00:00","130.3117","36.505","0","0","","1020","2","19.5","2","비","2","","","","","","","","","","","3.4- 5.4 ","2","SW ","2"
"정선해양관측","103-08","1961-07-30 15:49:00","130.3117","36.505","0","0","","1012","2","26.5","2","안개(Fog)","2","Very Low","2","FOREL-ULE SCALE IV","2","91%-100%","2","","","Calm-ripples ","2","0 - 0.2 ","2","NW ","2"
"정선해양관측","103-08","1961-08-21 10:43:00","130.3117","36.505","0","0","","1009.3","2","27.7","2","쾌청(운량:0-2)","2","Very Low","2","FOREL-ULE SCALE III","2","11%-20%","2","Cirrus","2","Smooth-wavelets ","2","0.3- 1.5 ","2","S  ","2"
"정선해양관측","103-08","1961-09-29 14:15:00","130.3117","36.505","0","0","","1019.3","2","26.2","2","쾌청(운량:0-2)","2","Very Low","2","FOREL-ULE SCALE III","2","1%-10%","2","Nimbostratus","2","Slight ","2","1.6- 3.3 ","2","S  ","2"
"정선해양관측","103-08","1961-12-18 16:34:00","130.3117","36.505","0","0","","1018.7","2","13.9","2","쾌청(운량:0-2)","2","Low","2","FOREL-ULE SCALE III","2","11%-20%","2","Cumulus","2","Moderate ","2","0.3- 1.5 ","2","SW ","2"
"정선해양관측","103-09","1961-06-20 00:30:00","130.6217","36.505","0","0","","1020","2","19.5","2","비","2","","","","","","","","","","","0.3- 1.5 ","2","S  ","2"
"정선해양관측","103-09","1961-07-30 18:32:00","130.6217","36.505","0","0","","1012","2","26","2","흐림(운량:8-10)","2","Very Low","2","FOREL-ULE SCALE III","2","91%-100%","2","Cirrostratus","2","Smooth-wavelets ","2","1.6- 3.3 ","2","NE ","2"
"정선해양관측","103-09","1961-08-21 07:10:00","130.6217","36.505","0","0","","1010","2","28.7","2","개임(운량:3-7)","2","Very Low","2","FOREL-ULE SCALE II","2","51%-60%","2","Stratus","2","Smooth-wavelets ","2","0 - 0.2 ","2","SE ","2"
"정선해양관측","103-09","1961-09-29 11:40:00","130.6217","36.505","0","0","","1020.7","2","26","2","쾌청(운량:0-2)","2","Very Low","2","FOREL-ULE SCALE III","2","1%-10%","2","Nimbostratus","2","Slight ","2","1.6- 3.3 ","2","S  ","2"
"정선해양관측","103-09","1961-12-18 18:44:00","130.6217","36.505","0","0","","1017.6","2","12","2","쾌청(운량:0-2)","2","Low","2","","","11%-20%","2","","","Moderate ","2","1.6- 3.3 ","2","SW ","2"
"정선해양관측","103-10","1961-07-30 21:04:00","130.9267","36.505","0","0","","1012","2","27","2","개임(운량:3-7)","2","Very Low","2","","","61%-70%","2","Cirrocumulus","2","Calm-ripples ","2","0.3- 1.5 ","2","E  ","2"
"정선해양관측","103-10","1961-08-21 04:32:00","130.9267","36.505","0","0","","1009.3","2","28","2","개임(운량:3-7)","2","Very Low","2","","","21%-30%","2","","","Smooth-wavelets ","2","0.3- 1.5 ","2","NE ","2"
"정선해양관측","103-10","1961-09-29 08:45:00","130.9267","36.505","0","0","","1020","2","24.1","2","쾌청(운량:0-2)","2","Very Low","2","FOREL-ULE SCALE III","2","1%-10%","2","Stratus","2","","","","","",""
"정선해양관측","103-10","1961-12-18 20:38:00","130.9267","36.505","0","0","","1017.3","2","13.2","2","쾌청(운량:0-2)","2","Low","2","","","","","","","Moderate ","2","1.6- 3.3 ","2","SSW","2"
"정선해양관측","104-04","1961-06-21 05:55:00","129.48","37.0567","0","0","","1017.3","2","19.4","2","개임(운량:3-7)","2","Very Low","2","FOREL-ULE SCALE IV","2","31%-40%","2","Cumulus","2","Slight ","2","0.3- 1.5 ","2","NW ","2"
"정선해양관측","104-04","1961-08-20 10:25:00","129.48","37.0567","0","0","","1008.7","2","27","2","쾌청(운량:0-2)","2","Very Low","2","FOREL-ULE SCALE IV","2","11%-20%","2","Cirrus","2","Calm-ripples ","2","0.3- 1.5 ","2","NE ","2"
"정선해양관측","104-04","1961-09-28 13:55:00","129.48","37.0567","0","0","","1021.3","2","23.5","2","개임(운량:3-7)","2","Very Low","2","FOREL-ULE SCALE IV","2","31%-40%","2","Cirrocumulus","2","Smooth-wavelets ","2","0.3- 1.5 ","2","N  ","2"
"정선해양관측","104-04","1961-11-01 10:05:00","129.48","37.0567","0","0","","1031.3","2","15.7","2","쾌청(운량:0-2)","2","Very Low","2","FOREL-ULE SCALE IV","2","11%-20%","2","Stratocumulus","2","Slight ","2","1.6- 3.3 ","2","NNW","2"
"정선해양관측","104-05","1961-06-21 06:50:00","129.56","37.0567","0","0","","1017.3","2","19.2","2","개임(운량:3-7)","2","Low","2","FOREL-ULE SCALE V","2","31%-40%","2","Cirrocumulus","2","Slight ","2","1.6- 3.3 ","2","NW ","2"
"정선해양관측","104-05","1961-08-20 11:36:00","129.56","37.0567","0","0","","1009.3","2","27.5","2","개임(운량:3-7)","2","Very Low","2","FOREL-ULE SCALE IV","2","41%-50%","2","Cirrostratus","2","Smooth-wavelets ","2","0.3- 1.5 ","2","NE ","2"
"정선해양관측","104-05","1961-09-28 15:30:00","129.56","37.0567","0","0","","1021.3","2","24.5","2","개임(운량:3-7)","2","Very Low","2","FOREL-ULE SCALE IV","2","21%-30%","2","Cirrostratus","2","Smooth-wavelets ","2","0 - 0.2 ","2","N  ","2"
"정선해양관측","104-05","1961-11-01 11:10:00","129.56","37.0567","0","0","","1031.3","2","16.8","2","쾌청(운량:0-2)","2","Very Low","2","FOREL-ULE SCALE IV","2","11%-20%","2","Nimbostratus","2","Moderate ","2","1.6- 3.3 ","2","NNW","2"
"정선해양관측","104-06","1961-06-21 09:15:00","129.7933","37.0567","0","0","","1017.3","2","20.5","2","개임(운량:3-7)","2","Very Low","2","FOREL-ULE SCALE IV","2","31%-40%","2","Cirrus","2","Smooth-wavelets ","2","1.6- 3.3 ","2","NW ","2"
"정선해양관측","104-06","1961-08-20 13:25:00","129.7933","37.0567","0","0","","1009.3","2","28","2","개임(운량:3-7)","2","Very Low","2","FOREL-ULE SCALE IV","2","61%-70%","2","Stratus","2","Smooth-wavelets ","2","0.3- 1.5 ","2","NE ","2"
"정선해양관측","104-06","1961-09-28 17:25:00","129.7933","37.0567","0","0","","1020.7","2","23","2","개임(운량:3-7)","2","Very Low","2","FOREL-ULE SCALE III","2","31%-40%","2","Cirrostratus","2","Smooth-wavelets ","2","0 - 0.2 ","2","N  ","2"
"정선해양관측","104-06","1961-11-01 12:40:00","129.7933","37.0567","0","0","","1031.3","2","17.3","2","개임(운량:3-7)","2","Very Low","2","FOREL-ULE SCALE IV","2","21%-30%","2","Cirrocumulus","2","Slight ","2","1.6- 3.3 ","2","NNW","2"
"정선해양관측","104-07","1961-06-21 11:25:00","130","37.0567","0","0","","1018.7","2","25.5","2","쾌청(운량:0-2)","2","Very Low","2","FOREL-ULE SCALE IV","2","11%-20%","2","Cirrocumulus","2","Smooth-wavelets ","2","","","",""
"정선해양관측","104-07","1961-07-31 10:03:00","130","37.0567","0","0","","1010","2","26","2","안개(Fog)","2","Very Low","2","FOREL-ULE SCALE III","2","91%-100%","2","","","Smooth-wavelets ","2","0.3- 1.5 ","2","NNW","2"
"정선해양관측","104-07","1961-08-20 14:55:00","130","37.0567","0","0","","1008.7","2","29","2","개임(운량:3-7)","2","Very Low","2","FOREL-ULE SCALE IV","2","61%-70%","2","Cirrostratus","2","Smooth-wavelets ","2","0.3- 1.5 ","2","N  ","2"
"정선해양관측","104-07","1961-09-28 20:20:00","130","37.0567","0","0","","1021.3","2","22.2","2","","","Very Low","2","","","","","","","","","0 - 0.2 ","2","N  ","2"
"정선해양관측","104-07","1961-11-01 15:15:00","130","37.0567","0","0","","1030.7","2","17.3","2","개임(운량:3-7)","2","Very Low","2","FOREL-ULE SCALE IV","2","31%-40%","2","Cirrus","2","Slight ","2","1.6- 3.3 ","2","NE ","2"
"정선해양관측","104-08","1961-06-21 14:14:00","130.3117","37.0567","0","0","","1017.3","2","26.5","2","쾌청(운량:0-2)","2","Very Low","2","FOREL-ULE SCALE III","2","1%-10%","2","Cirrus","2","Calm-ripples ","2","0.3- 1.5 ","2","SE ","2"
"정선해양관측","104-08","1961-07-31 07:14:00","130.3117","37.0567","0","0","","1010.7","2","26.5","2","흐림(운량:8-10)","2","Very Low","2","FOREL-ULE SCALE III","2","91%-100%","2","Nimbostratus","2","Slight ","2","0.3- 1.5 ","2","NE ","2"
"정선해양관측","104-08","1961-08-20 17:45:00","130.3117","37.0567","0","0","","1008.7","2","28","2","흐림(운량:8-10)","2","Very Low","2","FOREL-ULE SCALE IV","2","71%-80%","2","Cirrostratus","2","Smooth-wavelets ","2","0.3- 1.5 ","2","N  ","2"
"정선해양관측","104-08","1961-09-28 23:10:00","130.3117","37.0567","0","0","","1021.3","2","22.3","2","","","Very Low","2","","","","","","","","","0 - 0.2 ","2","NW ","2"
"정선해양관측","104-08","1961-11-01 17:30:00","130.3117","37.0567","0","0","","1031.3","2","17.5","2","개임(운량:3-7)","2","Low","2","","","41%-50%","2","Stratocumulus","2","Moderate ","2","3.4- 5.4 ","2","NE ","2"
"정선해양관측","104-09","1961-06-21 16:45:00","130.6267","37.0567","0","0","","1017.3","2","21.7","2","쾌청(운량:0-2)","2","Very Low","2","FOREL-ULE SCALE II","2","11%-20%","2","Cirrus","2","Smooth-wavelets ","2","1.6- 3.3 ","2","SW ","2"
"정선해양관측","104-09","1961-07-31 03:57:00","130.6267","37.0567","0","0","","1013.3","2","26","2","흐림(운량:8-10)","2","Very Low","2","","","91%-100%","2","Nimbostratus","2","Smooth-wavelets ","2","0.3- 1.5 ","2","NW ","2"
"정선해양관측","104-09","1961-08-20 20:38:00","130.6267","37.0567","0","0","","1009.3","2","28.5","2","흐림(운량:8-10)","2","Very Low","2","","","71%-80%","2","Cirrostratus","2","Slight ","2","0.3- 1.5 ","2","NE ","2"
"정선해양관측","104-09","1961-09-29 01:45:00","130.6267","37.0567","0","0","","1021.3","2","22.3","2","","","Very Low","2","","","","","","","","","0 - 0.2 ","2","SE ","2"
"정선해양관측","104-09","1961-11-01 19:50:00","130.6267","37.0567","0","0","","1031.3","2","16.5","2","개임(운량:3-7)","2","Very Low","2","","","","","","","","","0.3- 1.5 ","2","NE ","2"
"정선해양관측","104-10","1961-06-21 19:10:00","130.94","37.0567","0","0","","1017.3","2","21.7","2","쾌청(운량:0-2)","2","Very Low","2","","","11%-20%","2","","","","","0.3- 1.5 ","2","S  ","2"
"정선해양관측","104-10","1961-07-31 00:48:00","130.94","37.0567","0","0","","1012","2","26","2","안개(Fog)","2","Very Low","2","","","91%-100%","2","","","Calm-ripples ","2","0.3- 1.5 ","2","NE ","2"
"정선해양관측","104-10","1961-08-20 23:18:00","130.94","37.0567","0","0","","1010","2","27.5","2","개임(운량:3-7)","2","Very Low","2","","","61%-70%","2","Cirrocumulus","2","Smooth-wavelets ","2","1.6- 3.3 ","2","NW ","2"
"정선해양관측","104-10","1961-09-29 04:10:00","130.94","37.0567","0","0","","1020.7","2","22.3","2","","","Very Low","2","","","","","","","","","0.3- 1.5 ","2","SE ","2"
"정선해양관측","104-10","1961-11-01 22:30:00","130.94","37.0567","0","0","","1031.3","2","16.5","2","개임(운량:3-7)","2","Very Low","2","","","","","","","","","1.6- 3.3 ","2","E  ","2"
"정선해양관측","105-03","1961-06-23 12:30:00","129.1717","37.5533","0","0","","1016","2","23.1","2","흐림(운량:8-10)","2","Very Low","2","FOREL-ULE SCALE IV","2","71%-80%","2","Cumulus","2","Smooth-wavelets ","2","1.6- 3.3 ","2","NE ","2"
"정선해양관측","105-03","1961-07-29 10:05:00","129.1717","37.5533","0","0","","1015.3","2","25.7","2","쾌청(운량:0-2)","2","Very Low","2","FOREL-ULE SCALE III","2","1%-10%","2","Cirrostratus","2","Calm-ripples ","2","0.3- 1.5 ","2","SE ","2"
"정선해양관측","105-03","1961-09-02 12:55:00","129.1717","37.5533","0","0","","1017.3","2","24.4","2","개임(운량:3-7)","2","Very Low","2","FOREL-ULE SCALE IV","2","51%-60%","2","Cirrocumulus","2","Smooth-wavelets ","2","0.3- 1.5 ","2","N  ","2"
"정선해양관측","105-03","1961-09-26 21:20:00","129.1717","37.5533","0","0","","","","21.8","2","","","Low","2","","","","","","","","","1.6- 3.3 ","2","NW ","2"
"정선해양관측","105-03","1961-11-02 16:35:00","129.1717","37.5533","0","0","","1028.7","2","16.7","2","흐림(운량:8-10)","2","Low","2","","","91%-100%","2","Cumulonimbus","2","Moderate ","2","3.4- 5.4 ","2","NW ","2"
"정선해양관측","105-03","1961-12-16 08:40:00","129.1717","37.5533","0","0","","1026","2","7","2","개임(운량:3-7)","2","Very Low","2","FOREL-ULE SCALE III","2","61%-70%","2","Cirrostratus","2","Smooth-wavelets ","2","0 - 0.2 ","2","WNW","2"
"정선해양관측","105-04","1961-06-23 11:35:00","129.2583","37.5533","0","0","","1017.3","2","21.2","2","흐림(운량:8-10)","2","Low","2","FOREL-ULE SCALE IV","2","71%-80%","2","Cumulus","2","Moderate ","2","3.4- 5.4 ","2","NE ","2"
"정선해양관측","105-04","1961-07-29 11:10:00","129.2583","37.5533","0","0","","1015.3","2","26.5","2","쾌청(운량:0-2)","2","Very Low","2","FOREL-ULE SCALE II","2","1%-10%","2","Cumulonimbus","2","Calm-ripples ","2","0.3- 1.5 ","2","SE ","2"
"정선해양관측","105-04","1961-09-02 14:10:00","129.2583","37.5533","0","0","","1016.7","2","24.7","2","흐림(운량:8-10)","2","Very Low","2","FOREL-ULE SCALE III","2","71%-80%","2","Stratocumulus","2","Slight ","2","0.3- 1.5 ","2","SE ","2"
"정선해양관측","105-04","1961-11-02 15:35:00","129.2583","37.5533","0","0","","1028.7","2","16.8","2","흐림(운량:8-10)","2","Low","2","","","91%-100%","2","Stratocumulus","2","Slight ","2","1.6- 3.3 ","2","NW ","2"
"정선해양관측","105-04","1961-12-16 09:50:00","129.2583","37.5533","0","0","","1026.7","2","9","2","개임(운량:3-7)","2","Very Low","2","FOREL-ULE SCALE IV","2","61%-70%","2","Cirrocumulus","2","Calm-ripples ","2","0 - 0.2 ","2","NW ","2"
"정선해양관측","105-05","1961-06-23 10:20:00","129.3767","37.5533","0","0","","1017.3","2","20.6","2","흐림(운량:8-10)","2","Low","2","FOREL-ULE SCALE III","2","91%-100%","2","Cirrocumulus","2","Moderate ","2","3.4- 5.4 ","2","NW ","2"
"정선해양관측","105-05","1961-07-29 13:05:00","129.3767","37.5533","0","0","","1016","2","27.3","2","쾌청(운량:0-2)","2","Very Low","2","FOREL-ULE SCALE II","2","11%-20%","2","Cumulonimbus","2","Calm-ripples ","2","0.3- 1.5 ","2","SE ","2"
"정선해양관측","105-05","1961-09-02 16:10:00","129.3767","37.5533","0","0","","1016.7","2","24.5","2","개임(운량:3-7)","2","Very Low","2","FOREL-ULE SCALE III","2","31%-40%","2","Cumulonimbus","2","Slight ","2","1.6- 3.3 ","2","E  ","2"
"정선해양관측","105-05","1961-09-26 18:00:00","129.3767","37.5533","0","0","","1017.3","2","22.3","2","흐림(운량:8-10)","2","Very Low","2","","","81%-90%","2","Stratocumulus","2","Moderate ","2","3.4- 5.4 ","2","NE ","2"
"정선해양관측","105-05","1961-11-02 13:40:00","129.3767","37.5533","0","0","","1028.7","2","18","2","비","2","Low","2","","","81%-90%","2","Stratocumulus","2","Slight ","2","1.6- 3.3 ","2","NW ","2"
"정선해양관측","105-05","1961-12-16 11:50:00","129.3767","37.5533","0","0","","1026.7","2","9.2","2","흐림(운량:8-10)","2","Very Low","2","FOREL-ULE SCALE III","2","81%-90%","2","Cirrocumulus","2","Calm-ripples ","2","0 - 0.2 ","2","E  ","2"
"정선해양관측","105-06","1961-06-23 08:15:00","129.6883","37.5533","0","0","","1016","2","19.5","2","비","2","Low","2","FOREL-ULE SCALE II","2","91%-100%","2","Stratus","2","Moderate ","2","3.4- 5.4 ","2","SW ","2"
"정선해양관측","105-06","1961-07-29 15:05:00","129.6883","37.5533","0","0","","1017.3","2","26.5","2","개임(운량:3-7)","2","Very Low","2","FOREL-ULE SCALE II","2","31%-40%","2","Cumulonimbus","2","Calm-ripples ","2","0 - 0.2 ","2","E  ","2"
"정선해양관측","105-06","1961-09-02 18:10:00","129.6883","37.5533","0","0","","1014.7","2","23.7","2","개임(운량:3-7)","2","Very Low","2","FOREL-ULE SCALE III","2","21%-30%","2","Stratocumulus","2","Smooth-wavelets ","2","0.3- 1.5 ","2","NE ","2"
"정선해양관측","105-06","1961-09-26 16:10:00","129.6883","37.5533","0","0","","1017.3","2","24.3","2","개임(운량:3-7)","2","Very Low","2","FOREL-ULE SCALE III","2","61%-70%","2","Cumulonimbus","2","Moderate ","2","3.4- 5.4 ","2","N  ","2"
"정선해양관측","105-06","1961-11-02 11:55:00","129.6883","37.5533","0","0","","1029.3","2","18.5","2","흐림(운량:8-10)","2","Low","2","","","81%-90%","2","Stratocumulus","2","Moderate ","2","3.4- 5.4 ","2","SE ","2"
"정선해양관측","105-06","1961-12-16 13:20:00","129.6883","37.5533","0","0","","1025.3","2","9.5","2","흐림(운량:8-10)","2","Very Low","2","FOREL-ULE SCALE III","2","91%-100%","2","Stratocumulus","2","Calm-ripples ","2","0 - 0.2 ","2","SW ","2"
"정선해양관측","105-07","1961-06-23 05:30:00","130","37.5533","0","0","","1020","2","19.7","2","비","2","Low","2","","","71%-80%","2","Stratocumulus","2","Rough ","2","5.5- 7.9 ","2","S  ","2"
"정선해양관측","105-07","1961-07-29 17:45:00","130","37.5533","0","0","","1016","2","25.5","2","개임(운량:3-7)","2","Very Low","2","FOREL-ULE SCALE II","2","61%-70%","2","Stratocumulus","2","Calm-ripples ","2","0 - 0.2 ","2","E  ","2"
"정선해양관측","105-07","1961-09-02 21:15:00","130","37.5533","0","0","","1016","2","24","2","","","Low","2","","","","","","","","","1.6- 3.3 ","2","E  ","2"
"정선해양관측","105-07","1961-09-26 13:45:00","130","37.5533","0","0","","1016.7","2","26.5","2","개임(운량:3-7)","2","Very Low","2","FOREL-ULE SCALE II","2","61%-70%","2","Cirrostratus","2","Moderate ","2","1.6- 3.3 ","2","N  ","2"
"정선해양관측","105-07","1961-11-02 09:40:00","130","37.5533","0","0","","1031.3","2","18","2","흐림(운량:8-10)","2","Low","2","","","81%-90%","2","Cirrocumulus","2","Slight ","2","1.6- 3.3 ","2","E  ","2"
"정선해양관측","105-07","1961-12-16 15:40:00","130","37.5533","0","0","","1024","2","10","2","흐림(운량:8-10)","2","Very Low","2","FOREL-ULE SCALE III","2","81%-90%","2","Altostratus","2","Calm-glassy ","2","0 - 0.2 ","2","N  ","2"
"정선해양관측","105-08","1961-06-23 02:55:00","130.3117","37.5533","0","0","","1018.7","2","20.3","2","개임(운량:3-7)","2","Low","2","","","","","","","Moderate ","2","3.4- 5.4 ","2","SE ","2"
"정선해양관측","105-08","1961-07-29 20:40:00","130.3117","37.5533","0","0","","1017.3","2","25.5","2","","","Very Low","2","","","","","","","","","0.3- 1.5 ","2","SE ","2"
"정선해양관측","105-08","1961-09-03 00:20:00","130.3117","37.5533","0","0","","1013.3","2","23.5","2","","","Very Low","2","","","","","","","","","1.6- 3.3 ","2","E  ","2"
"정선해양관측","105-08","1961-09-26 11:10:00","130.3117","37.5533","0","0","","1016.7","2","22.8","2","흐림(운량:8-10)","2","Very Low","2","FOREL-ULE SCALE II","2","81%-90%","2","Cumulonimbus","2","Calm-ripples ","2","0.3- 1.5 ","2","N  ","2"
"정선해양관측","105-08","1961-11-02 07:25:00","130.3117","37.5533","0","0","","1031.3","2","17.5","2","흐림(운량:8-10)","2","Low","2","","","91%-100%","2","Stratocumulus","2","Slight ","2","1.6- 3.3 ","2","E  ","2"
"정선해양관측","105-08","1961-12-16 18:20:00","130.3117","37.5533","0","0","","1025.3","2","9.3","2","흐림(운량:8-10)","2","","","","","91%-100%","2","Altostratus","2","","","0.3- 1.5 ","2","SW ","2"
"정선해양관측","105-09","1961-06-23 00:20:00","130.625","37.5533","0","0","","1017.3","2","","","개임(운량:3-7)","2","Very Low","2","","","","","","","Moderate ","2","3.4- 5.4 ","2","SE ","2"
"정선해양관측","105-09","1961-07-29 23:25:00","130.625","37.5533","0","0","","1015.3","2","25","2","","","Very Low","2","","","","","","","","","0.3- 1.5 ","2","SE ","2"
"정선해양관측","105-09","1961-09-03 03:20:00","130.625","37.5533","0","0","","1013.3","2","24.5","2","","","Very Low","2","","","","","","","","","3.4- 5.4 ","2","E  ","2"
"정선해양관측","105-09","1961-09-26 09:05:00","130.625","37.5533","0","0","","1017.3","2","21.7","2","흐림(운량:8-10)","2","Very Low","2","FOREL-ULE SCALE II","2","81%-90%","2","Cumulonimbus","2","Calm-ripples ","2","0 - 0.2 ","2","N  ","2"
"정선해양관측","105-09","1961-11-02 05:20:00","130.625","37.5533","0","0","","1031.3","2","17.5","2","흐림(운량:8-10)","2","Very Low","2","","","","","","","","","","","",""
"정선해양관측","105-09","1961-12-16 21:15:00","130.625","37.5533","0","0","","1024.7","2","9.8","2","비","2","","","","","91%-100%","2","","","","","0.3- 1.5 ","2","S  ","2"
"정선해양관측","105-10","1961-06-22 21:50:00","130.9317","37.5533","0","0","","1017.3","2","20.5","2","쾌청(운량:0-2)","2","Very Low","2","","","","","","","Smooth-wavelets ","2","0.3- 1.5 ","2","NE ","2"
"정선해양관측","105-10","1961-09-03 06:30:00","130.9317","37.5533","0","0","","1013.3","2","24.5","2","흐림(운량:8-10)","2","Low","2","FOREL-ULE SCALE III","2","91%-100%","2","Cirrocumulus","2","","","3.4- 5.4 ","2","E  ","2"
"정선해양관측","105-10","1961-09-26 06:40:00","130.9317","37.5533","0","0","","1016","2","19.8","2","흐림(운량:8-10)","2","Very Low","2","FOREL-ULE SCALE II","2","81%-90%","2","Stratocumulus","2","Calm-glassy ","2","0 - 0.2 ","2","NE ","2"
"정선해양관측","105-10","1961-11-02 03:05:00","130.9317","37.5533","0","0","","1031.3","2","16.7","2","흐림(운량:8-10)","2","Very Low","2","","","","","","","","","","","",""
"정선해양관측","105-10","1961-12-16 23:30:00","130.9317","37.5533","0","0","","1024","2","9.2","2","비","2","","","","","91%-100%","2","","","","","1.6- 3.3 ","2","SE ","2"
"정선해양관측","105-11","1961-06-22 19:10:00","131.2433","37.5533","0","0","","","","21.5","2","흐림(운량:8-10)","2","Very Low","2","","","91%-100%","2","Stratocumulus","2","Slight ","2","3.4- 5.4 ","2","SW ","2"
"정선해양관측","105-11","1961-09-03 09:00:00","131.2433","37.5533","0","0","","1014","2","25.7","2","흐림(운량:8-10)","2","Low","2","FOREL-ULE SCALE III","2","81%-90%","2","Stratocumulus","2","","","3.4- 5.4 ","2","E  ","2"
"정선해양관측","106-02","1961-06-27 10:03:00","128.875","37.895","0","0","","1014.7","2","26","2","개임(운량:3-7)","2","Very Low","2","FOREL-ULE SCALE II","2","61%-70%","2","Stratocumulus","2","Calm-ripples ","2","0 - 0.2 ","2","E  ","2"
"정선해양관측","106-02","1961-08-02 00:10:00","128.875","37.895","0","0","","1010.7","2","24","2","개임(운량:3-7)","2","Very Low","2","","","","","","","","","0 - 0.2 ","2","W  ","2"
"정선해양관측","106-02","1961-09-02 09:30:00","128.875","37.895","0","0","","1018.7","2","22.8","2","쾌청(운량:0-2)","2","Very Low","2","FOREL-ULE SCALE IV","2","11%-20%","2","Stratocumulus","2","Calm-ripples ","2","0 - 0.2 ","2","NE ","2"
"정선해양관측","106-02","1961-09-25 09:55:00","128.875","37.895","0","0","","1018","2","21.7","2","흐림(운량:8-10)","2","Very Low","2","FOREL-ULE SCALE III","2","91%-100%","2","Cirrocumulus","2","Calm-ripples ","2","0.3- 1.5 ","2","SW ","2"
"정선해양관측","106-02","1961-11-06 23:00:00","128.875","37.895","0","0","","1026","2","14","2","개임(운량:3-7)","2","Very Low","2","","","","","","","","","1.6- 3.3 ","2","W  ","2"
"정선해양관측","106-03","1961-06-27 11:05:00","128.9533","37.895","0","0","","1015.3","2","21.5","2","개임(운량:3-7)","2","Very Low","2","FOREL-ULE SCALE II","2","21%-30%","2","Cumulonimbus","2","Calm-ripples ","2","0.3- 1.5 ","2","NE ","2"
"정선해양관측","106-03","1961-08-01 21:50:00","128.9533","37.895","0","0","","1010.7","2","23.5","2","개임(운량:3-7)","2","Very Low","2","","","","","","","","","0 - 0.2 ","2","NW ","2"
"정선해양관측","106-03","1961-08-31 00:25:00","128.9533","37.895","0","0","","1014.7","2","22.5","2","비","2","Low","2","","","","","","","","","3.4- 5.4 ","2","NW ","2"
"정선해양관측","106-03","1961-09-25 11:00:00","128.9533","37.895","0","0","","1018","2","23","2","흐림(운량:8-10)","2","Very Low","2","FOREL-ULE SCALE III","2","91%-100%","2","Stratocumulus","2","Calm-ripples ","2","0 - 0.2 ","2","NW ","2"
"정선해양관측","106-03","1961-11-06 21:25:00","128.9533","37.895","0","0","","1026","2","14.3","2","개임(운량:3-7)","2","Very Low","2","","","","","","","","","1.6- 3.3 ","2","W  ","2"
"정선해양관측","106-04","1961-06-27 12:30:00","129.0633","37.895","0","0","","1014.7","2","23.5","2","개임(운량:3-7)","2","Very Low","2","FOREL-ULE SCALE III","2","51%-60%","2","Cirrocumulus","2","Smooth-wavelets ","2","0.3- 1.5 ","2","NE ","2"
"정선해양관측","106-04","1961-08-01 19:40:00","129.0633","37.895","0","0","","1010.7","2","24.5","2","개임(운량:3-7)","2","Very Low","2","","","","","","","","","0 - 0.2 ","2","NW ","2"
"정선해양관측","106-04","1961-08-30 22:35:00","129.0633","37.895","0","0","","1014.7","2","23.8","2","흐림(운량:8-10)","2","Low","2","","","","","","","","","1.6- 3.3 ","2","NW ","2"
"정선해양관측","106-04","1961-09-25 12:40:00","129.0633","37.895","0","0","","1017.3","2","22.7","2","흐림(운량:8-10)","2","Very Low","2","FOREL-ULE SCALE II","2","91%-100%","2","Cirrocumulus","2","Calm-ripples ","2","0 - 0.2 ","2","N  ","2"
"정선해양관측","106-04","1961-11-06 19:40:00","129.0633","37.895","0","0","","1024","2","15","2","개임(운량:3-7)","2","Very Low","2","","","","","","","","","0.3- 1.5 ","2","W  ","2"
"정선해양관측","106-05","1961-06-27 14:20:00","129.3683","37.895","0","0","","1014.7","2","23.5","2","개임(운량:3-7)","2","Very Low","2","FOREL-ULE SCALE III","2","21%-30%","2","Cumulonimbus","2","Calm-ripples ","2","0.3- 1.5 ","2","NE ","2"
"정선해양관측","106-05","1961-08-01 18:00:00","129.3683","37.895","0","0","","1010.7","2","27","2","개임(운량:3-7)","2","Very Low","2","FOREL-ULE SCALE III","2","61%-70%","2","Cumulonimbus","2","Smooth-wavelets ","2","0.3- 1.5 ","2","NW ","2"
"정선해양관측","106-05","1961-08-30 20:10:00","129.3683","37.895","0","0","","1014","2","24","2","흐림(운량:8-10)","2","Low","2","","","","","","","","","3.4- 5.4 ","2","NW ","2"
"정선해양관측","106-05","1961-09-25 14:30:00","129.3683","37.895","0","0","","1015.3","2","22.5","2","흐림(운량:8-10)","2","Very Low","2","FOREL-ULE SCALE II","2","91%-100%","2","Altocumulus","2","Calm-ripples ","2","0 - 0.2 ","2","NE ","2"
"정선해양관측","106-05","1961-11-06 18:00:00","129.3683","37.895","0","0","","1023.3","2","14.5","2","개임(운량:3-7)","2","Very Low","2","","","","","","","","","0 - 0.2 ","2","W  ","2"
"정선해양관측","106-05","1961-12-11 06:50:00","129.3683","37.895","0","0","","1024.7","2","9.5","2","쾌청(운량:0-2)","2","Low","2","","","1%-10%","2","","","Moderate ","2","3.4- 5.4 ","2","NW ","2"
"정선해양관측","106-06","1961-06-27 16:35:00","129.6883","37.895","0","0","","1014","2","22.5","2","개임(운량:3-7)","2","Very Low","2","FOREL-ULE SCALE III","2","21%-30%","2","Cumulonimbus","2","Smooth-wavelets ","2","0 - 0.2 ","2","NE ","2"
"정선해양관측","106-06","1961-08-01 15:40:00","129.6883","37.895","0","0","","1010","2","27.3","2","개임(운량:3-7)","2","Very Low","2","FOREL-ULE SCALE III","2","41%-50%","2","Cumulonimbus","2","Slight ","2","1.6- 3.3 ","2","N  ","2"
"정선해양관측","106-06","1961-08-30 17:25:00","129.6883","37.895","0","0","","1014","2","26.5","2","흐림(운량:8-10)","2","Low","2","FOREL-ULE SCALE III","2","71%-80%","2","Stratocumulus","2","Moderate ","2","3.4- 5.4 ","2","S  ","2"
"정선해양관측","106-06","1961-09-25 16:50:00","129.6883","37.895","0","0","","1015.3","2","21","2","흐림(운량:8-10)","2","Very Low","2","FOREL-ULE SCALE II","2","91%-100%","2","Stratocumulus","2","Calm-ripples ","2","0 - 0.2 ","2","NNW","2"
"정선해양관측","106-06","1961-11-06 15:40:00","129.6883","37.895","0","0","","1018","2","17","2","쾌청(운량:0-2)","2","Very Low","2","FOREL-ULE SCALE III","2","1%-10%","2","Nimbostratus","2","Smooth-wavelets ","2","0.3- 1.5 ","2","SW ","2"
"정선해양관측","106-06","1961-12-11 04:00:00","129.6883","37.895","0","0","","1022.7","2","12","2","개임(운량:3-7)","2","Low","2","","","","","","","","","5.5- 7.9 ","2","NW ","2"
"정선해양관측","106-07","1961-06-27 18:45:00","130","37.895","0","0","","1014.7","2","20.7","2","개임(운량:3-7)","2","Very Low","2","","","51%-60%","2","Stratocumulus","2","Smooth-wavelets ","2","0.3- 1.5 ","2","NE ","2"
"정선해양관측","106-07","1961-08-01 13:30:00","130","37.895","0","0","","1009.3","2","27","2","개임(운량:3-7)","2","Very Low","2","FOREL-ULE SCALE III","2","21%-30%","2","Stratocumulus","2","Smooth-wavelets ","2","0.3- 1.5 ","2","N  ","2"
"정선해양관측","106-07","1961-08-30 14:50:00","130","37.895","0","0","","1015.3","2","26.5","2","개임(운량:3-7)","2","Low","2","FOREL-ULE SCALE III","2","31%-40%","2","Cumulonimbus","2","Moderate ","2","3.4- 5.4 ","2","ESE","2"
"정선해양관측","106-07","1961-09-25 19:20:00","130","37.895","0","0","","1014.7","2","21","2","비","2","","","","","","","","","","","1.6- 3.3 ","2","S  ","2"
"정선해양관측","106-07","1961-11-06 13:15:00","130","37.895","0","0","","1026","2","16.8","2","쾌청(운량:0-2)","2","Low","2","FOREL-ULE SCALE III","2","1%-10%","2","Nimbostratus","2","Slight ","2","0.3- 1.5 ","2","SW ","2"
"정선해양관측","106-07","1961-12-11 01:30:00","130","37.895","0","0","","1022.7","2","12.5","2","개임(운량:3-7)","2","Low","2","","","","","","","","","1.6- 3.3 ","2","W  ","2"
"정선해양관측","106-08","1961-06-27 21:00:00","130.315","37.895","0","0","","1014.7","2","20","2","","","Very Low","2","","","","","","","Smooth-wavelets ","2","0.3- 1.5 ","2","NE ","2"
"정선해양관측","106-08","1961-08-01 11:00:00","130.315","37.895","0","0","","1010","2","28","2","개임(운량:3-7)","2","Very Low","2","FOREL-ULE SCALE III","2","31%-40%","2","Cumulonimbus","2","Smooth-wavelets ","2","0.3- 1.5 ","2","NE ","2"
"정선해양관측","106-08","1961-08-30 12:00:00","130.315","37.895","0","0","","1014.7","2","26.6","2","흐림(운량:8-10)","2","Low","2","FOREL-ULE SCALE III","2","71%-80%","2","Cumulus","2","Slight ","2","1.6- 3.3 ","2","ESE","2"
"정선해양관측","106-08","1961-09-25 22:00:00","130.315","37.895","0","0","","1016.7","2","20.5","2","흐림(운량:8-10)","2","","","","","","","","","","","1.6- 3.3 ","2","S  ","2"
"정선해양관측","106-08","1961-11-06 10:50:00","130.315","37.895","0","0","","1026","2","15.5","2","쾌청(운량:0-2)","2","Low","2","FOREL-ULE SCALE III","2","1%-10%","2","Stratus","2","Moderate ","2","0.3- 1.5 ","2","SW ","2"
"정선해양관측","106-08","1961-12-10 22:35:00","130.315","37.895","0","0","","1022","2","13","2","개임(운량:3-7)","2","Low","2","","","","","","","","","1.6- 3.3 ","2","W  ","2"
"정선해양관측","106-09","1961-08-01 08:40:00","130.6283","37.895","0","0","","1010.7","2","26.3","2","개임(운량:3-7)","2","Very Low","2","FOREL-ULE SCALE III","2","61%-70%","2","Cumulonimbus","2","Smooth-wavelets ","2","0.3- 1.5 ","2","NE ","2"
"정선해양관측","106-09","1961-08-30 09:30:00","130.6283","37.895","0","0","","1016","2","26.7","2","흐림(운량:8-10)","2","Low","2","FOREL-ULE SCALE III","2","81%-90%","2","Stratocumulus","2","Slight ","2","1.6- 3.3 ","2","ESE","2"
"정선해양관측","106-09","1961-09-26 00:30:00","130.6283","37.895","0","0","","1016","2","20","2","흐림(운량:8-10)","2","","","","","","","","","","","0.3- 1.5 ","2","S  ","2"
"정선해양관측","106-09","1961-11-06 08:30:00","130.6283","37.895","0","0","","1026","2","17.2","2","흐림(운량:8-10)","2","Low","2","FOREL-ULE SCALE III","2","71%-80%","2","Stratocumulus","2","Slight ","2","1.6- 3.3 ","2","SW ","2"
"정선해양관측","106-10","1961-08-01 06:05:00","130.9417","37.895","0","0","","1010.7","2","26","2","개임(운량:3-7)","2","Very Low","2","FOREL-ULE SCALE II","2","31%-40%","2","Cumulonimbus","2","Smooth-wavelets ","2","0.3- 1.5 ","2","NE ","2"
"정선해양관측","106-10","1961-08-30 06:40:00","130.9417","37.895","0","0","","1016","2","25.3","2","흐림(운량:8-10)","2","","","","","91%-100%","2","Stratocumulus","2","","","1.6- 3.3 ","2","ESE","2"
"정선해양관측","106-10","1961-09-26 03:00:00","130.9417","37.895","0","0","","1015.3","2","20","2","비","2","","","","","","","","","","","0.3- 1.5 ","2","E  ","2"
"정선해양관측","106-10","1961-11-06 06:20:00","130.9417","37.895","0","0","","1026","2","14.5","2","흐림(운량:8-10)","2","","","","","81%-90%","2","","","","","1.6- 3.3 ","2","S  ","2"
"정선해양관측","107-02","1961-07-31 09:00:00","128.7117","38.21","0","0","","1015.3","2","26.3","2","개임(운량:3-7)","2","","","FOREL-ULE SCALE III","2","31%-40%","2","Cirrocumulus","2","","","0 - 0.2 ","2","NW ","2"
"정선해양관측","107-02","1961-08-29 06:10:00","128.7117","38.21","0","0","","1017.3","2","22.3","2","개임(운량:3-7)","2","Very Low","2","FOREL-ULE SCALE V","2","31%-40%","2","Stratocumulus","2","Calm-ripples ","2","","","",""
"정선해양관측","107-02","1961-09-23 09:10:00","128.7117","38.21","0","0","","1015.3","2","22.3","2","흐림(운량:8-10)","2","Very Low","2","FOREL-ULE SCALE IV","2","81%-90%","2","Stratocumulus","2","Calm-ripples ","2","0.3- 1.5 ","2","SW ","2"
"정선해양관측","107-02","1961-11-05 09:50:00","128.7117","38.21","0","0","","1028","2","10.3","2","쾌청(운량:0-2)","2","Very Low","2","FOREL-ULE SCALE IV","2","","","","","Slight ","2","1.6- 3.3 ","2","SW ","2"
"정선해양관측","107-02","1961-12-10 08:10:00","128.7117","38.21","0","0","","1023.3","2","10.7","2","개임(운량:3-7)","2","Very Low","2","FOREL-ULE SCALE III","2","61%-70%","2","Stratocumulus","2","Moderate ","2","1.6- 3.3 ","2","SW ","2"
"정선해양관측","107-03","1961-07-31 10:40:00","128.8433","38.21","0","0","","1014.7","2","25.5","2","개임(운량:3-7)","2","Very Low","2","FOREL-ULE SCALE III","2","61%-70%","2","Cumulonimbus","2","Calm-ripples ","2","0.3- 1.5 ","2","SE ","2"
"정선해양관측","107-03","1961-08-29 08:55:00","128.8433","38.21","0","0","","1017.3","2","22.5","2","개임(운량:3-7)","2","Very Low","2","FOREL-ULE SCALE III","2","21%-30%","2","Cirrocumulus","2","Calm-ripples ","2","0 - 0.2 ","2","NW ","2"
"정선해양관측","107-03","1961-09-23 11:05:00","128.8433","38.21","0","0","","1013.3","2","23.7","2","개임(운량:3-7)","2","Very Low","2","FOREL-ULE SCALE IV","2","61%-70%","2","Cirrocumulus","2","Slight ","2","1.6- 3.3 ","2","SW ","2"
"정선해양관측","107-03","1961-11-05 11:30:00","128.8433","38.21","0","0","","1028","2","13.6","2","쾌청(운량:0-2)","2","Low","2","FOREL-ULE SCALE IV","2","1%-10%","2","Stratus","2","Slight ","2","1.6- 3.3 ","2","SW ","2"
"정선해양관측","107-03","1961-12-10 09:50:00","128.8433","38.21","0","0","","1023.3","2","11.5","2","개임(운량:3-7)","2","Very Low","2","FOREL-ULE SCALE III","2","61%-70%","2","Cirrocumulus","2","Moderate ","2","3.4- 5.4 ","2","NNW","2"
"정선해양관측","107-04","1961-07-31 12:40:00","129.0583","38.21","0","0","","1013.3","2","27.3","2","개임(운량:3-7)","2","Very Low","2","FOREL-ULE SCALE II","2","31%-40%","2","Altocumulus","2","Calm-ripples ","2","0 - 0.2 ","2","SE ","2"
"정선해양관측","107-04","1961-08-29 10:50:00","129.0583","38.21","0","0","","1017.3","2","25.3","2","개임(운량:3-7)","2","Very Low","2","FOREL-ULE SCALE III","2","61%-70%","2","Cumulonimbus","2","Calm-ripples ","2","0 - 0.2 ","2","SW ","2"
"정선해양관측","107-04","1961-09-23 13:00:00","129.0583","38.21","0","0","","1013.3","2","24","2","개임(운량:3-7)","2","Very Low","2","FOREL-ULE SCALE III","2","61%-70%","2","Cumulonimbus","2","Slight ","2","1.6- 3.3 ","2","SW ","2"
"정선해양관측","107-04","1961-11-05 13:20:00","129.0583","38.21","0","0","","1025.7","2","16.3","2","쾌청(운량:0-2)","2","Low","2","FOREL-ULE SCALE III","2","1%-10%","2","Nimbostratus","2","Smooth-wavelets ","2","0.3- 1.5 ","2","SE ","2"
"정선해양관측","107-04","1961-12-10 12:20:00","129.0583","38.21","0","0","","1022.7","2","12.7","2","흐림(운량:8-10)","2","Low","2","FOREL-ULE SCALE III","2","71%-80%","2","Cirrostratus","2","Moderate ","2","3.4- 5.4 ","2","SW ","2"
"정선해양관측","107-05","1961-07-31 15:00:00","129.3717","38.21","0","0","","1013.3","2","25.8","2","개임(운량:3-7)","2","Very Low","2","FOREL-ULE SCALE III","2","21%-30%","2","Cumulonimbus","2","Calm-ripples ","2","0.3- 1.5 ","2","NE ","2"
"정선해양관측","107-05","1961-08-29 13:30:00","129.3717","38.21","0","0","","1016.7","2","26.7","2","개임(운량:3-7)","2","Very Low","2","FOREL-ULE SCALE III","2","61%-70%","2","Cumulonimbus","2","Smooth-wavelets ","2","0.3- 1.5 ","2","SE ","2"
"정선해양관측","107-05","1961-09-23 15:30:00","129.3717","38.21","0","0","","1012.7","2","24.7","2","개임(운량:3-7)","2","Very Low","2","FOREL-ULE SCALE III","2","61%-70%","2","Cirrocumulus","2","Slight ","2","1.6- 3.3 ","2","S  ","2"
"정선해양관측","107-05","1961-11-05 15:30:00","129.3717","38.21","0","0","","1026","2","16.2","2","쾌청(운량:0-2)","2","Very Low","2","FOREL-ULE SCALE III","2","1%-10%","2","Nimbostratus","2","Smooth-wavelets ","2","0.3- 1.5 ","2","SE ","2"
"정선해양관측","107-05","1961-12-10 14:10:00","129.3717","38.21","0","0","","1021.3","2","12.2","2","개임(운량:3-7)","2","Low","2","FOREL-ULE SCALE III","2","51%-60%","2","Cirrocumulus","2","Moderate ","2","1.6- 3.3 ","2","SW ","2"
"정선해양관측","107-06","1961-07-31 17:30:00","129.685","38.21","0","0","","1012","2","24.7","2","개임(운량:3-7)","2","Very Low","2","FOREL-ULE SCALE III","2","31%-40%","2","Stratocumulus","2","Smooth-wavelets ","2","0.3- 1.5 ","2","NE ","2"
"정선해양관측","107-06","1961-08-29 16:30:00","129.685","38.21","0","0","","1016","2","25.3","2","흐림(운량:8-10)","2","Very Low","2","FOREL-ULE SCALE II","2","81%-90%","2","Stratocumulus","2","Slight ","2","1.6- 3.3 ","2","SE ","2"
"정선해양관측","107-06","1961-09-23 18:00:00","129.685","38.21","0","0","","1012.7","2","25.3","2","개임(운량:3-7)","2","Very Low","2","FOREL-ULE SCALE III","2","51%-60%","2","Cirrocumulus","2","Moderate ","2","3.4- 5.4 ","2","SW ","2"
"정선해양관측","107-06","1961-11-05 17:55:00","129.685","38.21","0","0","","1026","2","13.3","2","쾌청(운량:0-2)","2","Very Low","2","","","1%-10%","2","","","Smooth-wavelets ","2","0.3- 1.5 ","2","S  ","2"
"정선해양관측","107-06","1961-12-10 16:35:00","129.685","38.21","0","0","","1021.3","2","12.9","2","개임(운량:3-7)","2","Low","2","FOREL-ULE SCALE III","2","31%-40%","2","Cumulonimbus","2","Moderate ","2","1.6- 3.3 ","2","W  ","2"
"정선해양관측","107-07","1961-07-31 19:55:00","130","38.21","0","0","","1012","2","24.5","2","","","Very Low","2","","","","","","","","","0.3- 1.5 ","2","NE ","2"
"정선해양관측","107-07","1961-08-29 19:05:00","130","38.21","0","0","","1016.7","2","24.5","2","흐림(운량:8-10)","2","Very Low","2","","","71%-80%","2","Stratocumulus","2","Moderate ","2","3.4- 5.4 ","2","SE ","2"
"정선해양관측","107-07","1961-09-23 21:50:00","130","38.21","0","0","","1012.7","2","24.6","2","개임(운량:3-7)","2","Low","2","FOREL-ULE SCALE III","2","51%-60%","2","Cirrostratus","2","Moderate ","2","5.5- 7.9 ","2","SW ","2"
"정선해양관측","107-07","1961-11-05 20:20:00","130","38.21","0","0","","1025.3","2","14","2","개임(운량:3-7)","2","Very Low","2","","","","","","","","","1.6- 3.3 ","2","S  ","2"
"정선해양관측","107-07","1961-12-10 18:53:00","130","38.21","0","0","","1021.3","2","12.5","2","개임(운량:3-7)","2","Low","2","FOREL-ULE SCALE III","2","","","","","Moderate ","2","3.4- 5.4 ","2","W  ","2"
"정선해양관측","107-08","1961-07-31 22:20:00","130.315","38.21","0","0","","1012.7","2","24.7","2","","","Very Low","2","","","","","","","","","0.3- 1.5 ","2","NE ","2"
"정선해양관측","107-08","1961-08-29 21:51:00","130.315","38.21","0","0","","1016.7","2","24.3","2","비","2","Very Low","2","","","91%-100%","2","","","","","3.4- 5.4 ","2","SE ","2"
"정선해양관측","107-08","1961-09-23 23:10:00","130.315","38.21","0","0","","1014.7","2","23.7","2","흐림(운량:8-10)","2","Low","2","FOREL-ULE SCALE III","2","91%-100%","2","Cirrostratus","2","Moderate ","2","5.5- 7.9 ","2","NW ","2"
"정선해양관측","107-08","1961-11-05 22:45:00","130.315","38.21","0","0","","1026","2","13.8","2","개임(운량:3-7)","2","Low","2","","","","","","","","","3.4- 5.4 ","2","S  ","2"
"정선해양관측","107-09","1961-08-01 00:55:00","130.6317","38.21","0","0","","1012","2","25.5","2","","","Very Low","2","","","","","","","","","1.6- 3.3 ","2","NE ","2"
"정선해양관측","107-09","1961-08-30 01:00:00","130.6317","38.21","0","0","","1016","2","26.2","2","흐림(운량:8-10)","2","Very Low","2","","","91%-100%","2","","","","","3.4- 5.4 ","2","SE ","2"
"정선해양관측","107-09","1961-11-06 01:10:00","130.6317","38.21","0","0","","1026","2","14","2","개임(운량:3-7)","2","Low","2","","","","","","","","","3.4- 5.4 ","2","S  ","2"
"정선해양관측","107-10","1961-08-01 03:25:00","130.9433","38.21","0","0","","1010.7","2","25.5","2","","","Very Low","2","","","","","","","","","0.3- 1.5 ","2","NE ","2"
"정선해양관측","107-10","1961-08-30 03:30:00","130.9433","38.21","0","0","","1015.3","2","25","2","흐림(운량:8-10)","2","Very Low","2","","","91%-100%","2","","","","","3.4- 5.4 ","2","SE ","2"
"정선해양관측","107-10","1961-11-06 03:25:00","130.9433","38.21","0","0","","1026","2","14.9","2","개임(운량:3-7)","2","Low","2","","","","","","","","","3.4- 5.4 ","2","S  ","2"
"정선해양관측","203-01","1961-06-09 12:36:00","126.5233","33.9433","0","0","","1009.3","2","17.9","2","흐림(운량:8-10)","2","Low","2","FOREL-ULE SCALE IV","2","91%-100%","2","Cirrocumulus","2","Slight ","2","0.3- 1.5 ","2","S  ","2"
"정선해양관측","203-01","1961-12-12 08:15:00","126.5233","33.9433","0","0","","1020","2","14.3","2","개임(운량:3-7)","2","Low","2","FOREL-ULE SCALE V","2","51%-60%","2","Cirrostratus","2","Moderate ","2","1.6- 3.3 ","2","SE ","2"
"정선해양관측","203-02","1961-06-09 11:00:00","126.4383","33.7917","0","0","","1009.3","2","18.5","2","흐림(운량:8-10)","2","Low","2","FOREL-ULE SCALE IV","2","91%-100%","2","Cumulus","2","Slight ","2","0.3- 1.5 ","2","S  ","2"
"정선해양관측","203-02","1961-12-12 09:45:00","126.4383","33.7917","0","0","","1020","2","15.3","2","개임(운량:3-7)","2","Low","2","FOREL-ULE SCALE V","2","51%-60%","2","Cirrus","2","Moderate ","2","1.6- 3.3 ","2","E  ","2"
"정선해양관측","203-03","1961-06-09 09:20:00","126.355","33.6383","0","0","","1010.7","2","19.6","2","흐림(운량:8-10)","2","Low","2","FOREL-ULE SCALE IV","2","91%-100%","2","Cirrocumulus","2","Slight ","2","0.3- 1.5 ","2","S  ","2"
"정선해양관측","203-03","1961-12-12 11:55:00","126.355","33.6383","0","0","","1020","2","16.5","2","개임(운량:3-7)","2","Low","2","FOREL-ULE SCALE IV","2","61%-70%","2","Stratus","2","Moderate ","2","0.3- 1.5 ","2","E  ","2"
"정선해양관측","204-01","1961-12-16 12:05:00","127.7317","34.3467","0","0","","1025.3","2","8","2","개임(운량:3-7)","2","Low","2","FOREL-ULE SCALE VII","2","31%-40%","2","Cirrostratus","2","Slight ","2","1.6- 3.3 ","2","N  ","2"
"정선해양관측","204-02","1961-12-16 10:40:00","127.59","34.2283","0","0","","1025.3","2","7.7","2","개임(운량:3-7)","2","Low","2","FOREL-ULE SCALE VII","2","31%-40%","2","Cirrus","2","Slight ","2","1.6- 3.3 ","2","N  ","2"
"정선해양관측","204-03","1961-12-16 09:20:00","127.4467","34.1117","0","0","","1026.7","2","6.8","2","개임(운량:3-7)","2","Low","2","FOREL-ULE SCALE VI","2","41%-50%","2","Stratus","2","Slight ","2","1.6- 3.3 ","2","N  ","2"
"정선해양관측","204-04","1961-12-15 13:00:00","127.2533","33.9017","0","0","","1028","2","5.3","2","흐림(운량:8-10)","2","Low","2","FOREL-ULE SCALE IV","2","71%-80%","2","Cirrostratus","2","Rough ","2","3.4- 5.4 ","2","NW ","2"
"정선해양관측","204-05","1961-12-15 11:35:00","127.1533","33.7583","0","0","","1030.7","2","4.8","2","흐림(운량:8-10)","2","Low","2","FOREL-ULE SCALE IV","2","71%-80%","2","Cirrostratus","2","Rough ","2","3.4- 5.4 ","2","NW ","2"
"정선해양관측","205-01","1961-12-07 07:35:00","127.8083","34.3717","0","0","","1026","2","5.3","2","쾌청(운량:0-2)","2","Low","2","FOREL-ULE SCALE IV","2","11%-20%","2","Cirrocumulus","2","Moderate ","2","5.5- 7.9 ","2","N  ","2"
"정선해양관측","205-02","1961-12-07 08:52:00","127.8683","34.25","0","0","","1026.7","2","6.8","2","쾌청(운량:0-2)","2","Low","2","FOREL-ULE SCALE III","2","11%-20%","2","Cirrocumulus","2","Rough ","2","5.5- 7.9 ","2","N  ","2"
"정선해양관측","205-03","1961-12-07 10:14:00","127.9483","34.0917","0","0","","1028","2","6.8","2","쾌청(운량:0-2)","2","Low","2","FOREL-ULE SCALE III","2","11%-20%","2","Cirrocumulus","2","Moderate ","2","5.5- 7.9 ","2","NW ","2"
"정선해양관측","205-04","1961-12-07 12:05:00","128.05","33.8583","0","0","","1026.7","2","9","2","개임(운량:3-7)","2","Low","2","FOREL-ULE SCALE III","2","21%-30%","2","Cirrocumulus","2","Rough ","2","5.5- 7.9 ","2","NW ","2"
"정선해양관측","205-05","1961-12-07 13:57:00","128.1533","33.6217","0","0","","1026.7","2","11","2","개임(운량:3-7)","2","Low","2","FOREL-ULE SCALE III","2","51%-60%","2","Cirrocumulus","2","Rough ","2","3.4- 5.4 ","2","W  ","2"
"정선해양관측","206-01","1961-03-14 14:20:00","128.575","34.5917","0","0","","","","","","쾌청(운량:0-2)","2","Low","2","FOREL-ULE SCALE V","2","11%-20%","2","Cirrostratus","2","Slight ","2","1.6- 3.3 ","2","NE ","2"
"정선해양관측","206-01","1961-12-09 06:40:00","128.575","34.5917","0","0","","1028","2","9","2","쾌청(운량:0-2)","2","Low","2","","","","","","","Slight ","2","3.4- 5.4 ","2","N  ","2"
"정선해양관측","206-02","1961-02-03 12:15:00","128.6867","34.4933","0","0","","","","","","쾌청(운량:0-2)","2","Low","2","FOREL-ULE SCALE V","2","Zero","2","","","Moderate ","2","3.4- 5.4 ","2","NE ","2"
"정선해양관측","206-02","1961-03-14 13:10:00","128.6867","34.4933","0","0","","","","","","흐림(운량:8-10)","2","Low","2","","","71%-80%","2","Stratocumulus","2","Moderate ","2","3.4- 5.4 ","2","NE ","2"
"정선해양관측","206-02","1961-12-09 07:58:00","128.6867","34.4933","0","0","","1028","2","9.8","2","쾌청(운량:0-2)","2","Low","2","","","11%-20%","2","Cirrus","2","Slight ","2","1.6- 3.3 ","2","NNE","2"
"정선해양관측","206-03","1961-02-03 13:15:00","128.8283","34.3733","0","0","","","","","","쾌청(운량:0-2)","2","Low","2","FOREL-ULE SCALE IV","2","1%-10%","2","Cumulus","2","Slight ","2","3.4- 5.4 ","2","NE ","2"
"정선해양관측","206-03","1961-03-14 11:55:00","128.8283","34.3733","0","0","","","","","","흐림(운량:8-10)","2","Low","2","FOREL-ULE SCALE VI","2","81%-90%","2","Stratocumulus","2","Moderate ","2","3.4- 5.4 ","2","NE ","2"
"정선해양관측","206-03","1961-12-09 09:30:00","128.8283","34.3733","0","0","","1028","2","11","2","개임(운량:3-7)","2","Low","2","","","21%-30%","2","Cirrus","2","Slight ","2","1.6- 3.3 ","2","N  ","2"
"정선해양관측","206-04","1961-03-14 10:40:00","128.9667","34.255","0","0","","","","","","쾌청(운량:0-2)","2","Low","2","FOREL-ULE SCALE IV","2","91%-100%","2","Stratocumulus","2","Moderate ","2","3.4- 5.4 ","2","NE ","2"
"정선해양관측","206-04","1961-12-09 10:50:00","128.9667","34.255","0","0","","1029.3","2","11","2","쾌청(운량:0-2)","2","Low","2","FOREL-ULE SCALE III","2","11%-20%","2","Cirrus","2","Slight ","2","1.6- 3.3 ","2","N  ","2"
"정선해양관측","207-01","1961-01-29 07:40:00","129.12","35.0217","0","0","","1020","2","7.2","2","흐림(운량:8-10)","2","Very Low","2","FOREL-ULE SCALE IV","2","91%-100%","2","Stratocumulus","2","Smooth-wavelets ","2","1.6- 3.3 ","2","N  ","2"
"정선해양관측","207-01","1961-03-09 10:35:00","129.12","35.0217","0","0","","1026.7","2","0.6","2","쾌청(운량:0-2)","2","Very Low","2","FOREL-ULE SCALE V","2","Zero","2","","","Smooth-wavelets ","2","1.6- 3.3 ","2","E  ","2"
"정선해양관측","207-01","1961-06-17 14:00:00","129.12","35.0217","0","0","","1013.3","2","26","2","쾌청(운량:0-2)","2","Very Low","2","FOREL-ULE SCALE VI","2","1%-10%","2","Cumulus","2","Smooth-wavelets ","2","0.3- 1.5 ","2","S  ","2"
"정선해양관측","207-01","1961-07-22 15:13:00","129.12","35.0217","0","0","","1005.3","2","30.1","2","개임(운량:3-7)","2","Very Low","2","FOREL-ULE SCALE IV","2","21%-30%","2","Cirrocumulus","2","Smooth-wavelets ","2","0.3- 1.5 ","2","SE ","2"
"정선해양관측","207-01","1961-08-25 04:30:00","129.12","35.0217","0","0","","1009.3","2","29.3","2","개임(운량:3-7)","2","Low","2","","","31%-40%","2","Cirrocumulus","2","Slight ","2","0.3- 1.5 ","2","S  ","2"
"정선해양관측","207-01","1961-10-23 10:43:00","129.12","35.0217","0","0","","","","22","2","쾌청(운량:0-2)","2","Low","2","FOREL-ULE SCALE V","2","11%-20%","2","Stratus","2","Slight ","2","1.6- 3.3 ","2","N  ","2"
"정선해양관측","207-01","1961-11-05 12:07:00","129.12","35.0217","0","0","","1027.1","2","16","2","개임(운량:3-7)","2","Low","2","","","21%-30%","2","Cirrocumulus","2","Calm-ripples ","2","0 - 0.2 ","2","N  ","2"
"정선해양관측","207-01","1961-12-11 07:35:00","129.12","35.0217","0","0","","1022.7","2","12.3","2","쾌청(운량:0-2)","2","Very Low","2","FOREL-ULE SCALE III","2","Zero","2","","","Smooth-wavelets ","2","0 - 0.2 ","2","W  ","2"
"정선해양관측","207-02","1961-01-29 08:55:00","129.1867","34.96","0","0","","1020","2","7.9","2","흐림(운량:8-10)","2","Very Low","2","FOREL-ULE SCALE IV","2","81%-90%","2","Stratocumulus","2","Smooth-wavelets ","2","1.6- 3.3 ","2","NNE","2"
"정선해양관측","207-02","1961-03-09 11:55:00","129.1867","34.96","0","0","","1026.7","2","0.6","2","쾌청(운량:0-2)","2","Low","2","FOREL-ULE SCALE V","2","Zero","2","","","Smooth-wavelets ","2","1.6- 3.3 ","2","NE ","2"
"정선해양관측","207-02","1961-06-17 15:10:00","129.1867","34.96","0","0","","1013.3","2","25.5","2","쾌청(운량:0-2)","2","Very Low","2","FOREL-ULE SCALE IV","2","1%-10%","2","Cumulus","2","Smooth-wavelets ","2","0.3- 1.5 ","2","S  ","2"
"정선해양관측","207-02","1961-07-22 17:20:00","129.1867","34.96","0","0","","1005.3","2","30","2","개임(운량:3-7)","2","Very Low","2","FOREL-ULE SCALE III","2","51%-60%","2","Cirrocumulus","2","Calm-ripples ","2","0.3- 1.5 ","2","SE ","2"
"정선해양관측","207-02","1961-08-25 03:25:00","129.1867","34.96","0","0","","1020","2","29.5","2","개임(운량:3-7)","2","Low","2","","","31%-40%","2","Cirrus","2","Smooth-wavelets ","2","0.3- 1.5 ","2","SW ","2"
"정선해양관측","207-02","1961-10-23 09:25:00","129.1867","34.96","0","0","","","","19.5","2","쾌청(운량:0-2)","2","Low","2","FOREL-ULE SCALE IV","2","11%-20%","2","Stratus","2","Slight ","2","1.6- 3.3 ","2","N  ","2"
"정선해양관측","207-02","1961-11-06 12:20:00","129.1867","34.96","0","0","","1026.7","2","18.3","2","쾌청(운량:0-2)","2","Low","2","","","11%-20%","2","Stratocumulus","2","Slight ","2","0.3- 1.5 ","2","NNE","2"
"정선해양관측","207-02","1961-12-11 08:33:00","129.1867","34.96","0","0","","1024","2","13.2","2","쾌청(운량:0-2)","2","Very Low","2","FOREL-ULE SCALE III","2","Zero","2","","","Smooth-wavelets ","2","0 - 0.2 ","2","W  ","2"
"정선해양관측","207-03","1961-01-29 09:50:00","129.2567","34.8983","0","0","","1020","2","7.9","2","흐림(운량:8-10)","2","Low","2","FOREL-ULE SCALE III","2","71%-80%","2","Stratocumulus","2","Smooth-wavelets ","2","3.4- 5.4 ","2","NW ","2"
"정선해양관측","207-03","1961-03-09 13:14:00","129.2567","34.8983","0","0","","1026.7","2","0.4","2","쾌청(운량:0-2)","2","Low","2","FOREL-ULE SCALE IV","2","1%-10%","2","Stratocumulus","2","Slight ","2","1.6- 3.3 ","2","NE ","2"
"정선해양관측","207-03","1961-06-17 16:23:00","129.2567","34.8983","0","0","","1013.3","2","25.1","2","쾌청(운량:0-2)","2","Very Low","2","FOREL-ULE SCALE I","2","11%-20%","2","Cumulus","2","Calm-ripples ","2","0.3- 1.5 ","2","S  ","2"
"정선해양관측","207-03","1961-07-22 18:47:00","129.2567","34.8983","0","0","","1005.3","2","31","2","흐림(운량:8-10)","2","Very Low","2","FOREL-ULE SCALE III","2","71%-80%","2","Cirrostratus","2","Smooth-wavelets ","2","0.3- 1.5 ","2","SE ","2"
"정선해양관측","207-03","1961-08-25 02:01:00","129.2567","34.8983","0","0","","1008.9","2","29.5","2","개임(운량:3-7)","2","Low","2","","","51%-60%","2","Cirrus","2","Slight ","2","0.3- 1.5 ","2","SW ","2"
"정선해양관측","207-03","1961-10-23 08:34:00","129.2567","34.8983","0","0","","","","19.2","2","개임(운량:3-7)","2","Low","2","FOREL-ULE SCALE V","2","31%-40%","2","Stratus","2","Slight ","2","1.6- 3.3 ","2","N  ","2"
"정선해양관측","207-03","1961-11-06 13:25:00","129.2567","34.8983","0","0","","1026.7","2","19.5","2","개임(운량:3-7)","2","Low","2","","","21%-30%","2","Stratocumulus","2","Slight ","2","1.6- 3.3 ","2","NNE","2"
"정선해양관측","207-03","1961-12-11 09:27:00","129.2567","34.8983","0","0","","1024","2","14.6","2","쾌청(운량:0-2)","2","Very Low","2","FOREL-ULE SCALE III","2","Zero","2","","","Smooth-wavelets ","2","0.3- 1.5 ","2","W  ","2"
"정선해양관측","207-04","1961-01-29 10:55:00","129.325","34.8367","0","0","","1018.7","2","8.9","2","흐림(운량:8-10)","2","Low","2","","","71%-80%","2","Stratocumulus","2","Smooth-wavelets ","2","3.4- 5.4 ","2","NW ","2"
"정선해양관측","207-04","1961-03-09 14:20:00","129.325","34.8367","0","0","","1025.3","2","6.7","2","쾌청(운량:0-2)","2","Low","2","FOREL-ULE SCALE IV","2","1%-10%","2","Stratocumulus","2","Slight ","2","1.6- 3.3 ","2","NE ","2"
"정선해양관측","207-04","1961-06-17 17:45:00","129.325","34.8367","0","0","","1013.3","2","22.8","2","개임(운량:3-7)","2","Very Low","2","FOREL-ULE SCALE I","2","31%-40%","2","Cumulus","2","Smooth-wavelets ","2","0.3- 1.5 ","2","S  ","2"
"정선해양관측","207-04","1961-07-22 19:20:00","129.325","34.8367","0","0","","1009.3","2","29.5","2","개임(운량:3-7)","2","Very Low","2","","","","","","","Slight ","2","3.4- 5.4 ","2","S  ","2"
"정선해양관측","207-04","1961-08-25 00:30:00","129.325","34.8367","0","0","","1009.3","2","30","2","개임(운량:3-7)","2","Very Low","2","","","41%-50%","2","Cirrus","2","Smooth-wavelets ","2","0.3- 1.5 ","2","S  ","2"
"정선해양관측","207-04","1961-10-23 07:35:00","129.325","34.8367","0","0","","","","19.3","2","개임(운량:3-7)","2","Low","2","FOREL-ULE SCALE V","2","51%-60%","2","Cirrocumulus","2","Slight ","2","1.6- 3.3 ","2","N  ","2"
"정선해양관측","207-04","1961-11-06 14:35:00","129.325","34.8367","0","0","","1022.7","2","19","2","개임(운량:3-7)","2","Low","2","","","41%-50%","2","Stratocumulus","2","Slight ","2","1.6- 3.3 ","2","NE ","2"
"정선해양관측","207-04","1961-12-11 10:32:00","129.325","34.8367","0","0","","1024.7","2","16","2","쾌청(운량:0-2)","2","Very Low","2","FOREL-ULE SCALE III","2","Zero","2","","","Slight ","2","0.3- 1.5 ","2","W  ","2"
"정선해양관측","207-05","1961-01-29 11:50:00","129.3633","34.8","0","0","","1017.3","2","8.9","2","개임(운량:3-7)","2","Low","2","","","61%-70%","2","Stratocumulus","2","Smooth-wavelets ","2","3.4- 5.4 ","2","NW ","2"
"정선해양관측","207-05","1961-03-09 15:25:00","129.3633","34.8","0","0","","1022.7","2","6.8","2","쾌청(운량:0-2)","2","Low","2","FOREL-ULE SCALE III","2","1%-10%","2","Stratocumulus","2","Slight ","2","1.6- 3.3 ","2","N  ","2"
"정선해양관측","207-05","1961-06-17 19:58:00","129.3633","34.8","0","0","","1014","2","22","2","개임(운량:3-7)","2","Very Low","2","","","31%-40%","2","Cumulus","2","Smooth-wavelets ","2","0.3- 1.5 ","2","S  ","2"
"정선해양관측","207-05","1961-07-22 21:40:00","129.3633","34.8","0","0","","1009.3","2","29.5","2","쾌청(운량:0-2)","2","Very Low","2","","","","","","","Slight ","2","1.6- 3.3 ","2","SE ","2"
"정선해양관측","207-05","1961-08-24 23:32:00","129.3633","34.8","0","0","","1009.3","2","30","2","개임(운량:3-7)","2","Low","2","","","41%-50%","2","Cirrus","2","Slight ","2","0.3- 1.5 ","2","S  ","2"
"정선해양관측","207-05","1961-10-23 07:00:00","129.3633","34.8","0","0","","","","19.2","2","개임(운량:3-7)","2","Low","2","FOREL-ULE SCALE V","2","51%-60%","2","Cumulus","2","Moderate ","2","1.6- 3.3 ","2","N  ","2"
"정선해양관측","207-05","1961-11-06 15:25:00","129.3633","34.8","0","0","","1025.3","2","19","2","개임(운량:3-7)","2","Low","2","","","41%-50%","2","Stratocumulus","2","Slight ","2","1.6- 3.3 ","2","NE ","2"
"정선해양관측","207-05","1961-12-11 11:21:00","129.3633","34.8","0","0","","1025.3","2","14.2","2","쾌청(운량:0-2)","2","Low","2","","","Zero","2","","","Slight ","2","0.3- 1.5 ","2","W  ","2"
"정선해양관측","208-01","1961-03-10 07:03:00","129.455","35.475","0","0","","1026.7","2","2.5","2","쾌청(운량:0-2)","2","Very Low","2","FOREL-ULE SCALE VI","2","","","","","Slight ","2","0.3- 1.5 ","2","N  ","2"
"정선해양관측","208-01","1961-06-18 01:10:00","129.455","35.475","0","0","","1017.3","2","18.5","2","","","Very Low","2","","","","","","","","","1.6- 3.3 ","2","NE ","2"
"정선해양관측","208-01","1961-07-24 07:35:00","129.455","35.475","0","0","","1005.3","2","18","2","흐림(운량:8-10)","2","Low","2","FOREL-ULE SCALE IV","2","91%-100%","2","Cirrus","2","Moderate ","2","1.6- 3.3 ","2","S  ","2"
"정선해양관측","208-01","1961-08-24 03:56:00","129.455","35.475","0","0","","1007.2","2","26","2","개임(운량:3-7)","2","Low","2","","","21%-30%","2","Cirrus","2","Slight ","2","1.6- 3.3 ","2","S  ","2"
"정선해양관측","208-01","1961-10-22 15:10:00","129.455","35.475","0","0","","","","22.1","2","개임(운량:3-7)","2","Low","2","FOREL-ULE SCALE V","2","51%-60%","2","Cirrocumulus","2","Slight ","2","1.6- 3.3 ","2","NE ","2"
"정선해양관측","208-01","1961-11-07 07:40:00","129.455","35.475","0","0","","1026.7","2","14.5","2","쾌청(운량:0-2)","2","","","","","","","","","Calm-ripples ","2","0.3- 1.5 ","2","NW ","2"
"정선해양관측","208-01","1961-12-12 07:11:00","129.455","35.475","0","0","","1025.3","2","11","2","개임(운량:3-7)","2","Very Low","2","FOREL-ULE SCALE III","2","51%-60%","2","Cirrocumulus","2","Calm-ripples ","2","0 - 0.2 ","2","NW ","2"
"정선해양관측","208-02","1961-03-10 08:05:00","129.5633","35.405","0","0","","1026","2","","","쾌청(운량:0-2)","2","Low","2","FOREL-ULE SCALE V","2","","","","","Slight ","2","1.6- 3.3 ","2","N  ","2"
"정선해양관측","208-02","1961-06-18 02:15:00","129.5633","35.405","0","0","","1017.3","2","18.5","2","","","Very Low","2","","","","","","","","","1.6- 3.3 ","2","NE ","2"
"정선해양관측","208-02","1961-07-24 09:10:00","129.5633","35.405","0","0","","1006.7","2","30","2","흐림(운량:8-10)","2","Low","2","FOREL-ULE SCALE III","2","71%-80%","2","Cirrus","2","Rough ","2","3.4- 5.4 ","2","S  ","2"
"정선해양관측","208-02","1961-08-24 05:33:00","129.5633","35.405","0","0","","1006.1","2","26.5","2","개임(운량:3-7)","2","Low","2","","","31%-40%","2","Cirrus","2","Moderate ","2","3.4- 5.4 ","2","SSW","2"
"정선해양관측","208-02","1961-10-22 16:16:00","129.5633","35.405","0","0","","","","22.1","2","개임(운량:3-7)","2","Low","2","FOREL-ULE SCALE V","2","61%-70%","2","Cirrocumulus","2","Moderate ","2","1.6- 3.3 ","2","NE ","2"
"정선해양관측","208-02","1961-11-07 08:50:00","129.5633","35.405","0","0","","1028","2","16.4","2","쾌청(운량:0-2)","2","","","","","","","","","Calm-ripples ","2","0.3- 1.5 ","2","NW ","2"
"정선해양관측","208-02","1961-12-12 08:20:00","129.5633","35.405","0","0","","1024.5","2","14","2","쾌청(운량:0-2)","2","Very Low","2","FOREL-ULE SCALE III","2","11%-20%","2","Cirrocumulus","2","Calm-ripples ","2","0 - 0.2 ","2","NW ","2"
"정선해양관측","208-03","1961-03-10 09:25:00","129.715","35.2967","0","0","","1028","2","","","쾌청(운량:0-2)","2","Low","2","FOREL-ULE SCALE IV","2","1%-10%","2","Stratocumulus","2","Slight ","2","3.4- 5.4 ","2","NE ","2"
"정선해양관측","208-03","1961-06-18 04:10:00","129.715","35.2967","0","0","","1017.3","2","19","2","흐림(운량:8-10)","2","Very Low","2","","","71%-80%","2","Cirrus","2","","","3.4- 5.4 ","2","NE ","2"
"정선해양관측","208-03","1961-07-24 10:40:00","129.715","35.2967","0","0","","1007.3","2","29","2","개임(운량:3-7)","2","Low","2","FOREL-ULE SCALE III","2","31%-40%","2","Cirrocumulus","2","Moderate ","2","1.6- 3.3 ","2","S  ","2"
"정선해양관측","208-03","1961-08-24 07:11:00","129.715","35.2967","0","0","","1006.8","2","29.2","2","개임(운량:3-7)","2","Low","2","","","31%-40%","2","Cirrus","2","Moderate ","2","3.4- 5.4 ","2","S  ","2"
"정선해양관측","208-03","1961-10-22 17:40:00","129.715","35.2967","0","0","","","","21.4","2","개임(운량:3-7)","2","Low","2","","","61%-70%","2","Stratus","2","Moderate ","2","1.6- 3.3 ","2","NE ","2"
"정선해양관측","208-03","1961-11-07 10:15:00","129.715","35.2967","0","0","","1010.7","2","18.8","2","쾌청(운량:0-2)","2","","","","","","","","","Calm-ripples ","2","0.3- 1.5 ","2","NW ","2"
"정선해양관측","208-03","1961-12-12 09:48:00","129.715","35.2967","0","0","","1024","2","16.5","2","개임(운량:3-7)","2","Very Low","2","FOREL-ULE SCALE III","2","31%-40%","2","Cirrocumulus","2","Smooth-wavelets ","2","0 - 0.2 ","2","W  ","2"
"정선해양관측","208-04","1961-03-10 10:58:00","129.8783","35.185","0","0","","1028","2","5.5","2","쾌청(운량:0-2)","2","Low","2","FOREL-ULE SCALE IV","2","1%-10%","2","Altostratus","2","Slight ","2","3.4- 5.4 ","2","N  ","2"
"정선해양관측","208-04","1961-06-18 05:55:00","129.8783","35.185","0","0","","1018.7","2","21","2","흐림(운량:8-10)","2","Very Low","2","","","81%-90%","2","Cirrocumulus","2","","","3.4- 5.4 ","2","NE ","2"
"정선해양관측","208-04","1961-07-24 12:30:00","129.8783","35.185","0","0","","1005.3","2","29.5","2","개임(운량:3-7)","2","Low","2","FOREL-ULE SCALE III","2","41%-50%","2","Altocumulus","2","Moderate ","2","1.6- 3.3 ","2","S  ","2"
"정선해양관측","208-04","1961-08-24 09:22:00","129.8783","35.185","0","0","","1008","2","29","2","개임(운량:3-7)","2","Low","2","","","61%-70%","2","Cirrocumulus","2","Moderate ","2","3.4- 5.4 ","2","SW ","2"
"정선해양관측","208-04","1961-10-22 19:30:00","129.8783","35.185","0","0","","","","21.5","2","개임(운량:3-7)","2","Low","2","","","41%-50%","2","Stratus","2","Moderate ","2","3.4- 5.4 ","2","NE ","2"
"정선해양관측","208-04","1961-11-07 11:40:00","129.8783","35.185","0","0","","1036","2","18.2","2","쾌청(운량:0-2)","2","","","","","","","","","Calm-ripples ","2","0.3- 1.5 ","2","NW ","2"
"정선해양관측","208-04","1961-12-12 11:14:00","129.8783","35.185","0","0","","1024","2","18","2","쾌청(운량:0-2)","2","Very Low","2","FOREL-ULE SCALE III","2","11%-20%","2","Cirrocumulus","2","Smooth-wavelets ","2","0.3- 1.5 ","2","W  ","2"
"정선해양관측","208-05","1961-03-10 12:40:00","130.033","35.08","0","0","","1026.7","2","6.5","2","쾌청(운량:0-2)","2","Low","2","FOREL-ULE SCALE IV","2","11%-20%","2","Nimbostratus","2","Moderate ","2","0.3- 1.5 ","2","NE ","2"
"정선해양관측","208-05","1961-06-18 07:48:00","130.033","35.08","0","0","","1018.7","2","20.5","2","개임(운량:3-7)","2","Very Low","2","","","41%-50%","2","Cirrus","2","","","3.4- 5.4 ","2","NE ","2"
"정선해양관측","208-05","1961-07-24 14:20:00","130.033","35.08","0","0","","1006.7","2","29.2","2","개임(운량:3-7)","2","Low","2","FOREL-ULE SCALE II","2","51%-60%","2","Altocumulus","2","Moderate ","2","0.3- 1.5 ","2","S  ","2"
"정선해양관측","208-05","1961-08-24 11:32:00","130.033","35.08","0","0","","1008.7","2","30","2","개임(운량:3-7)","2","Low","2","","","41%-50%","2","Cirrostratus","2","Slight ","2","3.4- 5.4 ","2","SW ","2"
"정선해양관측","208-05","1961-10-22 20:55:00","130.033","35.08","0","0","","","","21.7","2","개임(운량:3-7)","2","Low","2","","","51%-60%","2","Cirrocumulus","2","Moderate ","2","3.4- 5.4 ","2","NE ","2"
"정선해양관측","208-05","1961-11-07 13:10:00","130.033","35.08","0","0","","1026.7","2","18","2","쾌청(운량:0-2)","2","","","","","","","","","Calm-ripples ","2","0.3- 1.5 ","2","NW ","2"
"정선해양관측","208-05","1961-12-12 12:49:00","130.033","35.08","0","0","","1013.3","2","18.3","2","개임(운량:3-7)","2","Very Low","2","FOREL-ULE SCALE III","2","51%-60%","2","Cirrostratus","2","Slight ","2","1.6- 3.3 ","2","SW ","2"
"정선해양관측","208-06","1961-03-10 13:46:00","130.1983","34.97","0","0","","1026.7","2","6","2","개임(운량:3-7)","2","Very Low","2","FOREL-ULE SCALE V","2","61%-70%","2","Stratus","2","Smooth-wavelets ","2","0.3- 1.5 ","2","NE ","2"
"정선해양관측","208-06","1961-06-18 09:35:00","130.1983","34.97","0","0","","1020","2","21.5","2","개임(운량:3-7)","2","Very Low","2","","","41%-50%","2","Cirrus","2","","","3.4- 5.4 ","2","NE ","2"
"정선해양관측","208-06","1961-07-24 16:34:00","130.1983","34.97","0","0","","1004","2","30","2","개임(운량:3-7)","2","Low","2","FOREL-ULE SCALE III","2","21%-30%","2","Altocumulus","2","Moderate ","2","3.4- 5.4 ","2","S  ","2"
"정선해양관측","208-06","1961-08-24 13:28:00","130.1983","34.97","0","0","","1004.1","2","30.5","2","개임(운량:3-7)","2","Low","2","","","41%-50%","2","Cirrostratus","2","Moderate ","2","3.4- 5.4 ","2","SW ","2"
"정선해양관측","208-06","1961-10-22 22:50:00","130.1983","34.97","0","0","","","","20.8","2","개임(운량:3-7)","2","Low","2","","","31%-40%","2","Stratus","2","Moderate ","2","3.4- 5.4 ","2","NE ","2"
"정선해양관측","208-06","1961-11-07 14:40:00","130.1983","34.97","0","0","","1026.7","2","17.9","2","개임(운량:3-7)","2","","","","","51%-60%","2","Cirrostratus","2","Calm-ripples ","2","0.3- 1.5 ","2","NW ","2"
"정선해양관측","208-06","1961-12-12 14:20:00","130.1983","34.97","0","0","","1013.3","2","18.3","2","개임(운량:3-7)","2","Low","2","FOREL-ULE SCALE III","2","51%-60%","2","Cirrostratus","2","Slight ","2","3.4- 5.4 ","2","SW ","2"
"정선해양관측","208-07","1961-06-18 12:05:00","130.3483","34.8667","0","0","","1020","2","22.5","2","개임(운량:3-7)","2","Very Low","2","","","51%-60%","2","Cirrus","2","","","3.4- 5.4 ","2","NE ","2"
"정선해양관측","208-07","1961-07-24 18:25:00","130.3483","34.8667","0","0","","1004.7","2","29.8","2","개임(운량:3-7)","2","Low","2","FOREL-ULE SCALE II","2","21%-30%","2","Altocumulus","2","Slight ","2","1.6- 3.3 ","2","S  ","2"
"정선해양관측","208-07","1961-08-24 15:00:00","130.3483","34.8667","0","0","","1008","2","30.1","2","개임(운량:3-7)","2","Low","2","","","61%-70%","2","Stratus","2","Moderate ","2","3.4- 5.4 ","2","SW ","2"
"정선해양관측","208-07","1961-10-22 23:50:00","130.3483","34.8667","0","0","","","","21.4","2","개임(운량:3-7)","2","Low","2","","","81%-90%","2","Cirrus","2","Moderate ","2","3.4- 5.4 ","2","NE ","2"
"정선해양관측","208-07","1961-11-07 16:10:00","130.3483","34.8667","0","0","","1026.7","2","17.6","2","개임(운량:3-7)","2","","","","","41%-50%","2","Cirrostratus","2","Calm-ripples ","2","0.3- 1.5 ","2","NW ","2"
"정선해양관측","208-07","1961-12-12 15:55:00","130.3483","34.8667","0","0","","1013.3","2","18.5","2","개임(운량:3-7)","2","Low","2","FOREL-ULE SCALE III","2","61%-70%","2","Cirrostratus","2","Moderate ","2","3.4- 5.4 ","2","SW ","2"
"정선해양관측","208-08","1961-06-18 14:20:00","130.51","34.755","0","0","","1020","2","23.5","2","개임(운량:3-7)","2","Very Low","2","","","41%-50%","2","Cirrus","2","","","3.4- 5.4 ","2","E  ","2"
"정선해양관측","208-08","1961-07-24 19:56:00","130.51","34.755","0","0","","1004","2","29.5","2","개임(운량:3-7)","2","Low","2","","","31%-40%","2","Altocumulus","2","Moderate ","2","3.4- 5.4 ","2","SE ","2"
"정선해양관측","208-08","1961-12-12 16:56:00","130.51","34.755","0","0","","1024","2","18","2","개임(운량:3-7)","2","Low","2","FOREL-ULE SCALE III","2","61%-70%","2","Cirrostratus","2","Slight ","2","1.6- 3.3 ","2","SW ","2"
"정선해양관측","208-09","1961-06-18 17:10:00","130.675","34.6483","0","0","","1020","2","23.5","2","개임(운량:3-7)","2","Very Low","2","","","31%-40%","2","Cirrus","2","","","0.3- 1.5 ","2","NW ","2"
"정선해양관측","208-09","1961-07-24 21:45:00","130.675","34.6483","0","0","","1004","2","29.5","2","개임(운량:3-7)","2","Low","2","","","21%-30%","2","Cirrus","2","Moderate ","2","5.5- 7.9 ","2","SE ","2"
"정선해양관측","208-09","1961-12-12 18:05:00","130.675","34.6483","0","0","","1013.3","2","17","2","개임(운량:3-7)","2","Low","2","","","61%-70%","2","Cirrostratus","2","Slight ","2","1.6- 3.3 ","2","SW ","2"
"정선해양관측","208-10","1961-06-18 18:45:00","130.83","34.5417","0","0","","","","19.5","2","개임(운량:3-7)","2","","","","","41%-50%","2","Cirrus","2","","","1.6- 3.3 ","2","NW ","2"
"정선해양관측","208-10","1961-07-24 23:10:00","130.83","34.5417","0","0","","1004","2","29.6","2","개임(운량:3-7)","2","Low","2","","","21%-30%","2","Cirrus","2","Rough ","2","8.0-10.7 ","2","S  ","2"
"정선해양관측","208-10","1961-12-12 19:17:00","130.83","34.5417","0","0","","1013.3","2","17.8","2","","","Low","2","","","","","","","Slight ","2","0.3- 1.5 ","2","SW ","2"
"정선해양관측","209-04","1961-07-29 12:55:00","129.5467","35.7883","0","0","","1011.3","2","25","2","흐림(운량:8-10)","2","Very Low","2","FOREL-ULE SCALE III","2","81%-90%","2","Cirrocumulus","2","Calm-ripples ","2","0 - 0.2 ","2","NW ","2"
"정선해양관측","209-04","1961-08-23 16:10:00","129.5467","35.7883","0","0","","1007.5","2","28","2","개임(운량:3-7)","2","Low","2","FOREL-ULE SCALE III","2","41%-50%","2","Cirrostratus","2","Slight ","2","3.4- 5.4 ","2","S  ","2"
"정선해양관측","209-04","1961-09-08 11:00:00","129.5467","35.7883","0","0","","1019.3","2","22.3","2","개임(운량:3-7)","2","Very Low","2","FOREL-ULE SCALE V","2","21%-30%","2","Cirrocumulus","2","Slight ","2","1.6- 3.3 ","2","NW ","2"
"정선해양관측","209-04","1961-10-22 12:15:00","129.5467","35.7883","0","0","","","","21.2","2","개임(운량:3-7)","2","Low","2","FOREL-ULE SCALE VI","2","61%-70%","2","Cirrostratus","2","Moderate ","2","3.4- 5.4 ","2","NW ","2"
"정선해양관측","209-04","1961-12-16 13:04:00","129.5467","35.7883","0","0","","1025.3","2","8.5","2","흐림(운량:8-10)","2","Low","2","FOREL-ULE SCALE III","2","91%-100%","2","Stratocumulus","2","Smooth-wavelets ","2","1.6- 3.3 ","2","NE ","2"
"정선해양관측","209-05","1961-07-29 10:38:00","129.64","35.7567","0","0","","1012","2","26","2","흐림(운량:8-10)","2","Very Low","2","FOREL-ULE SCALE III","2","71%-80%","2","Cirrocumulus","2","Calm-ripples ","2","0 - 0.2 ","2","S  ","2"
"정선해양관측","209-05","1961-08-23 14:45:00","129.64","35.7567","0","0","","1008","2","30","2","개임(운량:3-7)","2","Low","2","FOREL-ULE SCALE III","2","31%-40%","2","Stratus","2","Slight ","2","0.3- 1.5 ","2","SSW","2"
"정선해양관측","209-05","1961-09-08 12:10:00","129.64","35.7567","0","0","","1019.3","2","22.7","2","개임(운량:3-7)","2","Very Low","2","FOREL-ULE SCALE IV","2","31%-40%","2","Cirrocumulus","2","Slight ","2","1.6- 3.3 ","2","N  ","2"
"정선해양관측","209-05","1961-10-22 11:18:00","129.64","35.7567","0","0","","","","21.2","2","개임(운량:3-7)","2","Low","2","FOREL-ULE SCALE VI","2","61%-70%","2","Stratus","2","Moderate ","2","1.6- 3.3 ","2","NW ","2"
"정선해양관측","209-05","1961-12-16 14:03:00","129.64","35.7567","0","0","","1025.3","2","9","2","흐림(운량:8-10)","2","Low","2","FOREL-ULE SCALE III","2","91%-100%","2","Stratocumulus","2","Smooth-wavelets ","2","0.3- 1.5 ","2","NE ","2"
"정선해양관측","209-06","1961-07-29 08:30:00","129.8167","35.6883","0","0","","1012","2","28","2","개임(운량:3-7)","2","Low","2","FOREL-ULE SCALE III","2","31%-40%","2","Cirrus","2","Slight ","2","0.3- 1.5 ","2","SE ","2"
"정선해양관측","209-06","1961-08-23 12:38:00","129.8167","35.6883","0","0","","1008.9","2","29.5","2","개임(운량:3-7)","2","Low","2","FOREL-ULE SCALE III","2","51%-60%","2","Stratus","2","Calm-ripples ","2","0.3- 1.5 ","2","S  ","2"
"정선해양관측","209-06","1961-09-08 14:05:00","129.8167","35.6883","0","0","","1018.7","2","22.5","2","쾌청(운량:0-2)","2","Very Low","2","FOREL-ULE SCALE III","2","11%-20%","2","Cirrus","2","Moderate ","2","3.4- 5.4 ","2","E  ","2"
"정선해양관측","209-06","1961-10-22 10:00:00","129.8167","35.6883","0","0","","","","21.2","2","개임(운량:3-7)","2","Low","2","FOREL-ULE SCALE VI","2","61%-70%","2","Cirrostratus","2","Moderate ","2","1.6- 3.3 ","2","E  ","2"
"정선해양관측","209-06","1961-12-16 16:02:00","129.8167","35.6883","0","0","","1026","2","10.1","2","흐림(운량:8-10)","2","Low","2","FOREL-ULE SCALE III","2","91%-100%","2","Stratocumulus","2","Smooth-wavelets ","2","0 - 0.2 ","2","E  ","2"
"정선해양관측","209-07","1961-07-29 06:40:00","130.005","35.6133","0","0","","1012","2","28","2","개임(운량:3-7)","2","Low","2","FOREL-ULE SCALE III","2","31%-40%","2","Cirrus","2","Smooth-wavelets ","2","0.3- 1.5 ","2","SE ","2"
"정선해양관측","209-07","1961-08-23 09:55:00","130.005","35.6133","0","0","","1009.3","2","29.6","2","개임(운량:3-7)","2","Low","2","FOREL-ULE SCALE III","2","51%-60%","2","Stratus","2","Slight ","2","0.3- 1.5 ","2","SW ","2"
"정선해양관측","209-07","1961-09-08 16:26:00","130.005","35.6133","0","0","","1018.7","2","22","2","쾌청(운량:0-2)","2","Very Low","2","FOREL-ULE SCALE III","2","1%-10%","2","Cirrus","2","Slight ","2","1.6- 3.3 ","2","E  ","2"
"정선해양관측","209-07","1961-10-22 08:08:00","130.005","35.6133","0","0","","","","20.2","2","개임(운량:3-7)","2","Low","2","FOREL-ULE SCALE VI","2","51%-60%","2","Cirrocumulus","2","Moderate ","2","1.6- 3.3 ","2","E  ","2"
"정선해양관측","209-07","1961-12-16 17:18:00","130.005","35.6133","0","0","","1026","2","11","2","흐림(운량:8-10)","2","Low","2","FOREL-ULE SCALE III","2","91%-100%","2","Stratocumulus","2","Smooth-wavelets ","2","0 - 0.2 ","2","ENE","2"
"정선해양관측","209-08","1961-07-29 04:05:00","130.2817","35.5133","0","0","","1011.3","2","26","2","개임(운량:3-7)","2","Low","2","","","41%-50%","2","Cirrus","2","Smooth-wavelets ","2","0.3- 1.5 ","2","NW ","2"
"정선해양관측","209-08","1961-08-23 07:39:00","130.2817","35.5133","0","0","","1009.3","2","29","2","개임(운량:3-7)","2","Low","2","FOREL-ULE SCALE III","2","51%-60%","2","Cirrostratus","2","Slight ","2","0.3- 1.5 ","2","E  ","2"
"정선해양관측","209-08","1961-09-08 19:05:00","130.2817","35.5133","0","0","","1018.7","2","21","2","개임(운량:3-7)","2","Very Low","2","","","","","","","","","3.4- 5.4 ","2","NE ","2"
"정선해양관측","209-08","1961-10-22 05:20:00","130.2817","35.5133","0","0","","","","19","2","개임(운량:3-7)","2","","","","","21%-30%","2","Cirrostratus","2","","","1.6- 3.3 ","2","E  ","2"
"정선해양관측","209-08","1961-12-13 00:32:00","130.2817","35.5133","0","0","","1013.3","2","","","흐림(운량:8-10)","2","Low","2","","","","","","","Moderate ","2","3.4- 5.4 ","2","SW ","2"
"정선해양관측","209-09","1961-07-29 01:02:00","130.5583","35.4067","0","0","","1010.7","2","26","2","쾌청(운량:0-2)","2","Very Low","2","","","11%-20%","2","Cirrus","2","Slight ","2","0.3- 1.5 ","2","N  ","2"
"정선해양관측","209-09","1961-08-23 05:25:00","130.5583","35.4067","0","0","","1008.3","2","28.8","2","개임(운량:3-7)","2","Low","2","","","21%-30%","2","Cirrocumulus","2","Smooth-wavelets ","2","1.6- 3.3 ","2","E  ","2"
"정선해양관측","209-09","1961-09-08 21:40:00","130.5583","35.4067","0","0","","1019.3","2","20.8","2","개임(운량:3-7)","2","Very Low","2","","","","","","","","","3.4- 5.4 ","2","NE ","2"
"정선해양관측","209-09","1961-10-22 02:30:00","130.5583","35.4067","0","0","","","","18.9","2","쾌청(운량:0-2)","2","","","","","11%-20%","2","Stratus","2","","","3.4- 5.4 ","2","E  ","2"
"정선해양관측","209-09","1961-12-12 21:24:00","130.5583","35.4067","0","0","","1012","2","17.9","2","비","2","Low","2","","","","","","","Rough ","2","3.4- 5.4 ","2","SSW","2"
"정선해양관측","209-10","1961-08-23 03:20:00","130.833","35.2967","0","0","","1008.7","2","28.5","2","개임(운량:3-7)","2","Low","2","","","31%-40%","2","Cirrocumulus","2","Smooth-wavelets ","2","1.6- 3.3 ","2","E  ","2"
"정선해양관측","209-11","1961-08-23 01:03:00","131.11","35.19","0","0","","1009.9","2","28.5","2","개임(운량:3-7)","2","Low","2","","","61%-70%","2","Cirrus","2","Slight ","2","0.3- 1.5 ","2","NE ","2"
"정선해양관측","307-03","1961-05-04 14:10:00","126","36.9417","0","0","","997.3","2","11.9","2","비","2","Low","2","FOREL-ULE SCALE VII","2","91%-100%","2","Cirrocumulus","2","Moderate ","2","1.6- 3.3 ","2","NE ","2"
"정선해양관측","307-04","1961-05-04 12:40:00","125.6283","36.925","0","0","","997.3","2","12","2","비","2","Low","2","FOREL-ULE SCALE VII","2","91%-100%","2","Cirrus","2","Slight ","2","1.6- 3.3 ","2","NE ","2"
"정선해양관측","307-05","1961-05-04 11:20:00","125.4167","36.925","0","0","","998.7","2","11.7","2","비","2","Low","2","FOREL-ULE SCALE V","2","91%-100%","2","Stratus","2","Slight ","2","1.6- 3.3 ","2","NE ","2"
"정선해양관측","308-01","1961-05-03 08:40:00","126.24","36.33","0","0","","1010.7","2","11.7","2","흐림(운량:8-10)","2","Very Low","2","FOREL-ULE SCALE IX","2","81%-90%","2","Stratus","2","Smooth-wavelets ","2","0 - 0.2 ","2","NE ","2"
"정선해양관측","308-02","1961-05-03 09:40:00","126.0383","36.33","0","0","","1010.7","2","12.1","2","비","2","Very Low","2","FOREL-ULE SCALE VIII","2","71%-80%","2","Stratus","2","Smooth-wavelets ","2","0 - 0.2 ","2","NE ","2"
"정선해양관측","308-03","1961-05-03 10:45:00","125.833","36.33","0","0","","1010","2","13.3","2","흐림(운량:8-10)","2","Very Low","2","FOREL-ULE SCALE VIII","2","71%-80%","2","Cirrus","2","Smooth-wavelets ","2","0 - 0.2 ","2","NW ","2"
"정선해양관측","308-03","1961-06-02 18:30:00","125.833","36.33","0","0","","1016","2","14.2","2","개임(운량:3-7)","2","Low","2","FOREL-ULE SCALE VI","2","41%-50%","2","Cirrocumulus","2","Slight ","2","1.6- 3.3 ","2","NW ","2"
"정선해양관측","308-04","1961-05-03 11:55:00","125.6167","36.33","0","0","","1009.3","2","13","2","흐림(운량:8-10)","2","Very Low","2","FOREL-ULE SCALE VII","2","71%-80%","2","Cirrocumulus","2","Slight ","2","0.3- 1.5 ","2","NW ","2"
"정선해양관측","308-04","1961-06-02 19:50:00","125.6167","36.33","0","0","","1016","2","13.8","2","개임(운량:3-7)","2","Low","2","","","41%-50%","2","Stratus","2","Slight ","2","1.6- 3.3 ","2","NW ","2"
"정선해양관측","308-05","1961-05-03 13:15:00","125.4217","36.33","0","0","","1008","2","12.9","2","흐림(운량:8-10)","2","Very Low","2","FOREL-ULE SCALE X","2","71%-80%","2","Cirrocumulus","2","Smooth-wavelets ","2","0.3- 1.5 ","2","NW ","2"
"정선해양관측","308-05","1961-06-02 21:15:00","125.4217","36.33","0","0","","1016","2","13.8","2","개임(운량:3-7)","2","Low","2","","","41%-50%","2","Cirrostratus","2","Slight ","2","1.6- 3.3 ","2","NW ","2"
"정선해양관측","308-06","1961-05-03 14:35:00","125.2067","36.33","0","0","","1006.7","2","13.1","2","흐림(운량:8-10)","2","Very Low","2","FOREL-ULE SCALE V","2","71%-80%","2","Cirrocumulus","2","Slight ","2","0.3- 1.5 ","2","NW ","2"
"정선해양관측","308-07","1961-05-03 15:55:00","125","36.33","0","0","","1006.7","2","12.8","2","흐림(운량:8-10)","2","Very Low","2","FOREL-ULE SCALE V","2","71%-80%","2","Cirrocumulus","2","Smooth-wavelets ","2","0.3- 1.5 ","2","NW ","2"
"정선해양관측","309-01","1961-04-30 12:30:00","126.245","35.855","0","0","","1026","2","11.2","2","흐림(운량:8-10)","2","Very Low","2","","","91%-100%","2","Cumulus","2","Smooth-wavelets ","2","1.6- 3.3 ","2","NW ","2"
"정선해양관측","309-01","1961-05-02 05:55:00","126.245","35.855","0","0","","1016","2","12.8","2","개임(운량:3-7)","2","Very Low","2","FOREL-ULE SCALE VI","2","51%-60%","2","Cirrus","2","Smooth-wavelets ","2","0 - 0.2 ","2","SW ","2"
"정선해양관측","309-01","1961-12-09 08:40:00","126.245","35.855","0","0","","1026.7","2","9.1","2","개임(운량:3-7)","2","Low","2","FOREL-ULE SCALE VI","2","51%-60%","2","Cirrocumulus","2","Smooth-wavelets ","2","0.3- 1.5 ","2","E  ","2"
"정선해양관측","309-02","1961-04-30 14:45:00","126.033","35.855","0","0","","1026","2","11.4","2","흐림(운량:8-10)","2","Very Low","2","","","91%-100%","2","Cumulus","2","Smooth-wavelets ","2","5.5- 7.9 ","2","W  ","2"
"정선해양관측","309-02","1961-05-02 07:10:00","126.033","35.855","0","0","","1016","2","12.7","2","개임(운량:3-7)","2","Very Low","2","FOREL-ULE SCALE V","2","51%-60%","2","Stratus","2","Smooth-wavelets ","2","0 - 0.2 ","2","SW ","2"
"정선해양관측","309-02","1961-12-09 09:50:00","126.033","35.855","0","0","","1028","2","9.3","2","개임(운량:3-7)","2","Low","2","FOREL-ULE SCALE VI","2","41%-50%","2","Stratus","2","Smooth-wavelets ","2","0.3- 1.5 ","2","E  ","2"
"정선해양관측","309-03","1961-04-30 16:15:00","125.8217","35.855","0","0","","1028","2","10.8","2","흐림(운량:8-10)","2","Very Low","2","","","91%-100%","2","Cumulus","2","Smooth-wavelets ","2","0.3- 1.5 ","2","NW ","2"
"정선해양관측","309-03","1961-05-02 08:30:00","125.8217","35.855","0","0","","1016","2","12","2","개임(운량:3-7)","2","Very Low","2","FOREL-ULE SCALE V","2","61%-70%","2","Cirrocumulus","2","Slight ","2","0.3- 1.5 ","2","SW ","2"
"정선해양관측","309-03","1961-12-09 11:10:00","125.8217","35.855","0","0","","1028","2","9.4","2","개임(운량:3-7)","2","Low","2","FOREL-ULE SCALE III","2","41%-50%","2","Stratus","2","Slight ","2","1.6- 3.3 ","2","E  ","2"
"정선해양관측","309-04","1961-05-02 10:00:00","125.6167","35.855","0","0","","1017.3","2","13.8","2","개임(운량:3-7)","2","Low","2","FOREL-ULE SCALE V","2","61%-70%","2","Cirrocumulus","2","Slight ","2","0.3- 1.5 ","2","SW ","2"
"정선해양관측","309-04","1961-12-09 13:00:00","125.6167","35.855","0","0","","1028","2","9.6","2","개임(운량:3-7)","2","Low","2","FOREL-ULE SCALE V","2","51%-60%","2","Stratus","2","Slight ","2","1.6- 3.3 ","2","S  ","2"
"정선해양관측","309-05","1961-05-02 11:20:00","125.4067","35.855","0","0","","1016","2","14.2","2","흐림(운량:8-10)","2","Low","2","FOREL-ULE SCALE V","2","71%-80%","2","Stratus","2","Slight ","2","0 - 0.2 ","2","SW ","2"
"정선해양관측","309-05","1961-12-09 14:30:00","125.4067","35.855","0","0","","1026.7","2","10.5","2","개임(운량:3-7)","2","Low","2","FOREL-ULE SCALE IV","2","51%-60%","2","Cirrostratus","2","Moderate ","2","3.4- 5.4 ","2","S  ","2"
"정선해양관측","309-06","1961-05-02 12:30:00","125.205","35.855","0","0","","1016","2","14.5","2","개임(운량:3-7)","2","Low","2","FOREL-ULE SCALE V","2","61%-70%","2","Stratocumulus","2","Slight ","2","0.3- 1.5 ","2","SW ","2"
"정선해양관측","309-06","1961-12-09 16:00:00","125.205","35.855","0","0","","1026.7","2","10.2","2","흐림(운량:8-10)","2","Low","2","FOREL-ULE SCALE IV","2","71%-80%","2","Stratus","2","Rough ","2","3.4- 5.4 ","2","S  ","2"
"정선해양관측","310-03","1961-05-01 08:20:00","125.8217","35.335","0","0","","1017.3","2","11.7","2","흐림(운량:8-10)","2","Low","2","FOREL-ULE SCALE V","2","71%-80%","2","Stratocumulus","2","Moderate ","2","0 - 0.2 ","2","W  ","2"
"정선해양관측","310-03","1961-06-05 18:50:00","125.8217","35.335","0","0","","1016","2","18.1","2","개임(운량:3-7)","2","Very Low","2","","","21%-30%","2","Cirrus","2","Slight ","2","0.3- 1.5 ","2","SE ","2"
"정선해양관측","310-03","1961-12-09 22:35:00","125.8217","35.335","0","0","","1022.7","2","10.2","2","개임(운량:3-7)","2","Low","2","","","21%-30%","2","Cirrus","2","Moderate ","2","3.4- 5.4 ","2","S  ","2"
"정선해양관측","310-04","1961-05-01 09:45:00","125.6083","35.335","0","0","","1017.3","2","13","2","개임(운량:3-7)","2","Low","2","FOREL-ULE SCALE V","2","61%-70%","2","Stratocumulus","2","Smooth-wavelets ","2","0 - 0.2 ","2","W  ","2"
"정선해양관측","310-04","1961-12-09 21:00:00","125.6083","35.335","0","0","","1022.7","2","10.3","2","개임(운량:3-7)","2","Low","2","","","31%-40%","2","Stratus","2","Moderate ","2","3.4- 5.4 ","2","S  ","2"
"정선해양관측","310-05","1961-05-01 11:10:00","125.4067","35.335","0","0","","1017.3","2","11.3","2","개임(운량:3-7)","2","Low","2","FOREL-ULE SCALE V","2","51%-60%","2","Stratus","2","Slight ","2","0 - 0.2 ","2","NW ","2"
"정선해양관측","310-05","1961-12-09 19:30:00","125.4067","35.335","0","0","","1023.3","2","10.3","2","개임(운량:3-7)","2","Low","2","","","31%-40%","2","Stratus","2","Moderate ","2","3.4- 5.4 ","2","S  ","2"
"정선해양관측","310-06","1961-05-01 12:30:00","125.2017","35.335","0","0","","1017.3","2","11.8","2","흐림(운량:8-10)","2","Low","2","FOREL-ULE SCALE V","2","71%-80%","2","Stratus","2","Slight ","2","0.3- 1.5 ","2","NW ","2"
"정선해양관측","311-04","1961-04-30 09:10:00","125.7317","34.7167","0","0","","1020","2","12.2","2","흐림(운량:8-10)","2","Low","2","FOREL-ULE SCALE V","2","81%-90%","2","Stratus","2","Slight ","2","0 - 0.2 ","2","W  ","2"
"정선해양관측","311-04","1961-06-07 07:00:00","125.7317","34.7167","0","0","","1013.3","2","18.5","2","개임(운량:3-7)","2","Low","2","FOREL-ULE SCALE III","2","31%-40%","2","Stratus","2","Slight ","2","0.3- 1.5 ","2","S  ","2"
"정선해양관측","311-04","1961-12-11 12:20:00","125.7317","34.7167","0","0","","1020","2","14.3","2","개임(운량:3-7)","2","Low","2","FOREL-ULE SCALE V","2","21%-30%","2","Stratus","2","Moderate ","2","1.6- 3.3 ","2","SW ","2"
"정선해양관측","311-05","1961-04-30 10:30:00","125.5317","34.7167","0","0","","1018.7","2","12.4","2","개임(운량:3-7)","2","Low","2","FOREL-ULE SCALE V","2","61%-70%","2","Cirrostratus","2","Slight ","2","0 - 0.2 ","2","W  ","2"
"정선해양관측","311-05","1961-12-11 13:50:00","125.5317","34.7167","0","0","","1019.3","2","14","2","개임(운량:3-7)","2","Low","2","FOREL-ULE SCALE IV","2","21%-30%","2","Stratus","2","Moderate ","2","1.6- 3.3 ","2","SW ","2"
"정선해양관측","311-06","1961-12-11 19:00:00","125.3233","34.7167","0","0","","1020","2","13.5","2","개임(운량:3-7)","2","Low","2","","","31%-40%","2","Cirrus","2","Moderate ","2","1.6- 3.3 ","2","SW ","2"
"정선해양관측","312-02","1961-12-12 04:20:00","126.1","33.975","0","0","","1020","2","14.2","2","개임(운량:3-7)","2","Low","2","","","21%-30%","2","Cirrus","2","Moderate ","2","1.6- 3.3 ","2","SE ","2"
"정선해양관측","312-03","1961-12-12 02:30:00","125.9","33.9967","0","0","","1020","2","13.9","2","개임(운량:3-7)","2","Low","2","","","31%-40%","2","Stratus","2","Moderate ","2","1.6- 3.3 ","2","SE ","2"
"정선해양관측","312-04","1961-12-12 00:10:00","125.7","34.0217","0","0","","1020","2","13.9","2","개임(운량:3-7)","2","Low","2","","","31%-40%","2","Cirrostratus","2","Moderate ","2","1.6- 3.3 ","2","SE ","2"
"정선해양관측","312-05","1961-12-11 22:40:00","125.5","34.0433","0","0","","1020","2","14","2","개임(운량:3-7)","2","Low","2","","","21%-30%","2","Cirrus","2","Moderate ","2","1.6- 3.3 ","2","SE ","2"
"정선해양관측","312-06","1961-12-11 20:55:00","125.3","34.0683","0","0","","1020","2","14","2","개임(운량:3-7)","2","Low","2","","","21%-30%","2","Cirrus","2","Moderate ","2","1.6- 3.3 ","2","SE ","2"
"정선해양관측","312-07","1961-12-11 19:00:00","125","34.0917","0","0","","1020","2","13.5","2","개임(운량:3-7)","2","Low","2","","","31%-40%","2","Cirrus","2","Moderate ","2","1.6- 3.3 ","2","SW ","2"
